sample_id,Extraction ID,density,batch,plate,wells,volume-UCB,conc-UCB,volume-NG,conc-NG
AB3_D3_18O-7_1,J1_1,1.7469,131,ABCD,D1-E1-F1-G1-H1,175,1.28,160,3.37
AB3_D3_18O-7_2,J1_2,1.7259,131,ABCD,H2-G2,70,12.09,60,9.56
AB3_D3_18O-7_3,J1_3,1.7166,131,ABCD,F2,35,16.48,27,15.44
AB3_D3_18O-7_4,J1_4,1.7111,131,ABCD,E2,35,12.41,27,11.86
AB3_D3_18O-7_5,J1_5,1.6796,131,ABCD,D2-C2-B2-A2-A3-B3-C3-D3,280,1.38,254,2.14
HB3_D1_18O-7_1,J2_1,1.7461,129,ABCD,E1-F1-G1-H1-H2,175,1.77,163,2.98
HB3_D1_18O-7_2,J2_2,1.7285,129,ABCD,G2,35,15.38,27,15.44
HB3_D1_18O-7_3,J2_3,1.7221,129,ABCD,F2,35,14.57,27,16.55
HB3_D1_18O-7_4,J2_4,1.7128,129,ABCD,E2-D2,70,5.92,60,7.47
HB3_D1_18O-7_5,J2_5,1.6811,129,ABCD,C2-B2-A2-A3-B3-C3-D3,245,0.55,220,0.81
AB9_D3_18O-7_1,J3_1,1.7469,129,ABCD,G4-F4-E4-D4-C4,175,0.46,160,1.12
AB9_D3_18O-7_2,J3_2,1.7254,129,ABCD,B4-A4,70,6.9,62,8.83
AB9_D3_18O-7_3,J3_3,1.7163,129,ABCD,A5,35,7.03,27,9.93
AB9_D3_18O-7_4,J3_4,1.7108,129,ABCD,B5,35,4.87,27,9.76
AB9_D3_18O-7_5,J3_5,1.6839,129,ABCD,C5-D5-E5-F5-G5-H5-H6,245,0.55,230,0.85
AB4_D1_18O-7_1,J5_1,1.7416,129,ABCD,A7-B7-C7-D7-E7,175,2.83,160,5.81
AB4_D1_18O-7_2,J5_2,1.7234,129,ABCD,F7,35,15.93,28,21.6
AB4_D1_18O-7_3,J5_3,1.7191,129,ABCD,G7,35,15.35,27,19.72
AB4_D1_18O-7_4,J5_4,1.7136,129,ABCD,H7,35,8.97,27,11.39
AB4_D1_18O-7_5,J5_5,1.6861,129,ABCD,H8-G8-F8-E8-D8-C8-B8,238,1.05,220,1.52
AB7_D3_18O-7_1,J6_1,1.7453,129,ABCD,F9-G9-H9-H10-G10,175,0.82,160,2.1
AB7_D3_18O-7_2,J6_2,1.7273,129,ABCD,F10,35,10.12,28,12.4
AB7_D3_18O-7_3,J6_3,1.7193,129,ABCD,E10-D10,70,14.43,60,18
AB7_D3_18O-7_4,J6_4,1.7089,129,ABCD,C10,35,9.46,27,11.98
AB7_D3_18O-7_5,J6_5,1.685,129,ABCD,B10-A10-A11-B11-C11-D11-E11,210,0.88,223,1.98
HA3_D1_18O-7_1,K1_1,1.7465,141,ABCD,A6-A7-B7-C7-D7,175,1.4,160,4.07
HA3_D1_18O-7_2,K1_2,1.7289,141,ABCD,E7,35,17.68,18,16.19
HA3_D1_18O-7_3,K1_3,1.7196,141,ABCD,F7-G7,75,12.46,45,10.13
HA3_D1_18O-7_4,K1_4,1.7116,141,ABCD,H7,35,8.25,20,7.74
HA3_D1_18O-7_5,K1_5,1.6863,141,ABCD,H8-G8-F8-E8-D8-C8-B8,245,1.03,223,1.61
AC4_D3_18O-7_1,K3_1,1.746,129,EFGH,D1-E1-F1-G1-H1,175,1.26,152,2.13
AC4_D3_18O-7_2,K3_2,1.7277,129,EFGH,H2,35,7.86,27,10.17
AC4_D3_18O-7_3,K3_3,1.7195,129,EFGH,G2-F2,70,13.98,60,14.13
AC4_D3_18O-7_4,K3_4,1.7113,129,EFGH,E2,35,8.55,27,10.6
AC4_D3_18O-7_5,K3_5,1.6875,129,EFGH,D2-C2-B2-A2-A3-B3-C3,245,1.29,226,2.65
HA9_D3_18O-7_1,K4_1,1.7458,129,EFGH,G4-F4-E4-D4-C4,175,1.91,160,5.06
HA9_D3_18O-7_2,K4_2,1.7257,129,EFGH,B4-A4,70,14.07,61,17.34
HA9_D3_18O-7_3,K4_3,1.7169,129,EFGH,A5,35,11.93,27,14.53
HA9_D3_18O-7_4,K4_4,1.7115,129,EFGH,B5,35,7.82,27,10.34
HA9_D3_18O-7_5,K4_5,1.6857,129,EFGH,C5-D5-E5-F5-G5-H5-H6,245,1.1,220,2.03
AA9_D5_18O-7_1,K5_1,1.7449,146,IJKL,B6-A6-A7-B7-C7-D7,210,1.04,202,1.08
AA9_D5_18O-7_2,K5_2,1.7239,146,IJKL,E7,35,14.58,28,12.93
AA9_D5_18O-7_3,K5_3,1.7174,146,IJKL,F7,35,18.54,28,19.5
AA9_D5_18O-7_4,K5_4,1.7119,146,IJKL,G7,35,17.57,28,15.78
AA9_D5_18O-7_5,K5_5,1.6837,146,IJKL,H7-H8-G8-F8-E8-D8-C8-B8,280,2.15,270,2.15
HC8_D5_18O-7_1,K6_1,1.7468,138,IJKL,A6-A7-B7-C7-D7,160,0.45,152,4.28
HC8_D5_18O-7_2,K6_2,1.7278,138,IJKL,E7,32,4.36,27,4.99
HC8_D5_18O-7_3,K6_3,1.7212,138,IJKL,F7,32,7.66,27,9.02
HC8_D5_18O-7_4,K6_4,1.7125,138,IJKL,G7-H7,64,5.46,60,8.54
HC8_D5_18O-7_5,K6_5,1.686,138,IJKL,H8-G8-F8-E8-D8-C8-B8,224,0.43,200,0.44
AB7_D5_18O-7_1,L2_1,1.7478,138,IJKL,E9-F9-G9-H9-H10-G10,192,1.16,174,1.69
AB7_D5_18O-7_2,L2_2,1.7282,138,IJKL,F10,32,6.58,27,9.26
AB7_D5_18O-7_3,L2_3,1.7189,138,IJKL,E10-D10,64,13.68,60,10.6
AB7_D5_18O-7_4,L2_4,1.7096,138,IJKL,C10,32,9.32,27,9.74
AB7_D5_18O-7_5,L2_5,1.6853,138,IJKL,B10-A10-A11-B11-C11-D11-E11,224,0.98,206,0.99
AC9_D3_18O-7_1,L3_1,1.7437,129,EFGH,A6-A7-B7-C7-D7-E7,210,1.78,188,4.06
AC9_D3_18O-7_2,L3_2,1.7226,129,EFGH,F7,35,10.92,27,13.56
AC9_D3_18O-7_3,L3_3,1.7171,129,EFGH,G7,34.5,13.33,27,14.88
AC9_D3_18O-7_4,L3_4,1.7117,129,EFGH,H7,35,8.25,27,11.63
AC9_D3_18O-7_5,L3_5,1.6884,129,EFGH,H8-G8-F8-E8-D8-C8-B8,245,0.98,220,3.19
HC4_D1_18O-7_1,L6_1,1.7462,129,EFGH,F9-G9-H9-H10-G10,175,1.07,160,1.5
HC4_D1_18O-7_2,L6_2,1.7282,129,EFGH,F10,35,6.63,27,10.97
HC4_D1_18O-7_3,L6_3,1.7189,129,EFGH,E10-D10,70,9.74,61,15.37
HC4_D1_18O-7_4,L6_4,1.7118,129,EFGH,C10,35,5.38,27,7.91
HC4_D1_18O-7_5,L6_5,1.6871,129,EFGH,B10-A10-A11-B11-C11-D11-E11,245,0.84,230,1.5
HA5_D3_18O-7_1,M1_1,1.7448,139,ABCD,D1-E1-F1-G1-H1,175,0.48,160,1.21
HA5_D3_18O-7_2,M1_2,1.7269,139,ABCD,H2,35,5.15,27,8.12
HA5_D3_18O-7_3,M1_3,1.7206,139,ABCD,G2,35,8.86,27,10.4
HA5_D3_18O-7_4,M1_4,1.714,139,ABCD,F2,35,6.07,27,8.44
HA5_D3_18O-7_5,M1_5,1.6872,139,ABCD,E2-D2-C2-B2-A2-A3-B3-C3,280,1.03,260,2.62
AA9_D1_18O-7_1,M2_1,1.7472,129,IJKL,D1-E1-F1-G1-H1,175,1.3,160,4.32
AA9_D1_18O-7_2,M2_2,1.7283,129,IJKL,H2,35,9.46,27,7.83
AA9_D1_18O-7_3,M2_3,1.719,129,IJKL,G2-F2,70,11.62,60,10.32
AA9_D1_18O-7_4,M2_4,1.7108,129,IJKL,E2,35,6.5,27,10.05
AA9_D1_18O-7_5,M2_5,1.6859,129,IJKL,D2-C2-B2-A2-A3-B3-C3,245,0.6,220,1.22
AB5_D5_18O-7_1,M3_1,1.7449,141,EFGH,G4-F4-E4-D4-C4,175,3.46,168,0.95
AB5_D5_18O-7_2,M3_2,1.7274,141,EFGH,B4,35,18.83,20,3.29
AB5_D5_18O-7_3,M3_3,1.7186,141,EFGH,A4-A5,70,20.55,45,15.13
AB5_D5_18O-7_4,M3_4,1.7099,141,EFGH,B5,35,10.48,22,15.04
AB5_D5_18O-7_5,M3_5,1.6821,141,EFGH,C5-D5-E5-F5-G5-H5-H6,245,1.61,220,7.31
AB5_D3_18O-7_1,M4_1,1.746,146,ABCD,D1-E1-F1-G1-H1,175,0.8,180,1.18
AB5_D3_18O-7_2,M4_2,1.7276,146,ABCD,H2,35,8.96,36,7.07
AB5_D3_18O-7_3,M4_3,1.7195,146,ABCD,G2-F2,70,17.03,15,14.82
AB5_D3_18O-7_4,M4_4,1.7114,146,ABCD,E2,35,9.74,28,7.05
AB5_D3_18O-7_5,M4_5,1.6854,146,ABCD,D2-C2-B2-A2-A3-B3-C3,244,0.99,131,1.69
AA7_D1_18O-7_1,M6_1,1.7467,149,MNOP,F4-E4-D4-C4-B4,175,0.86,168,1.44
AA7_D1_18O-7_2,M6_2,1.7261,149,MNOP,A4-A5,70,8.18,63,13.91
AA7_D1_18O-7_3,M6_3,1.7168,149,MNOP,B5,35,6.07,28,11.4
AA7_D1_18O-7_4,M6_4,1.7116,149,MNOP,C5,35,3.53,28,6.36
AA7_D1_18O-7_5,M6_5,1.6817,149,MNOP,D5-E5-F5-G5-H5-H6-G6,245,0.41,240,0.83
HA5_D1_18O-7_1,N1_1,1.7442,139,ABCD,A6-A7-B7-C7-D7-E7,195,1.79,180,5.82
HA5_D1_18O-7_2,N1_2,1.7229,139,ABCD,F7,35,10.25,27,14.5
HA5_D1_18O-7_3,N1_3,1.7163,139,ABCD,G7,35,9.88,27,13.2
HA5_D1_18O-7_4,N1_4,1.7109,139,ABCD,H7,35,5.78,27,6.83
HA5_D1_18O-7_5,N1_5,1.6839,139,ABCD,H8-G8-F8-E8-D8-C8-B8,245,0.7,220,2.19
HC8_D1_18O-7_1,N2_1,1.7442,131,ABCD,G4-F4-E4-D4-C4-B4,210,3.16,160,7.48
HC8_D1_18O-7_2,N2_2,1.7239,131,ABCD,A4,35,10.21,27,10.23
HC8_D1_18O-7_3,N2_3,1.7175,131,ABCD,A5,35,8.21,27,7.89
HC8_D1_18O-7_4,N2_4,1.7121,131,ABCD,B5,35,4.73,27,8.06
HC8_D1_18O-7_5,N2_5,1.6864,131,ABCD,C5-D5-E5-F5-G5-H5-H6,232,0.53,220,1.07
AB7_D1_18O-7_1,N3_1,1.7434,129,IJKL,A7-B7-C7-D7,140,1.34,128,4.21
AB7_D1_18O-7_2,N3_2,1.7256,129,IJKL,E7-F7,70,13.18,60,16.52
AB7_D1_18O-7_3,N3_3,1.7163,129,IJKL,G7,35,11.66,27,11.11
AB7_D1_18O-7_4,N3_4,1.7109,129,IJKL,H7,35,5.08,27,10.19
AB7_D1_18O-7_5,N3_5,1.6862,129,IJKL,H8-G8-F8-E8-D8-C8-B8,245,0.74,220,2.73
AA3_D3_18O-7_1,N4_1,1.7416,129,IJKL,G9-H9-H10-G10-F10,175,2.74,160,3.04
AA3_D3_18O-7_2,N4_2,1.7237,129,IJKL,E10,35,13.34,27,16.96
AA3_D3_18O-7_3,N4_3,1.7171,129,IJKL,D10,35,13.4,27,14.64
AA3_D3_18O-7_4,N4_4,1.7118,129,IJKL,C10,35,8.9,27,11.08
AA3_D3_18O-7_5,N4_5,1.6867,129,IJKL,B10-A10-A11-B11-C11-D11-E11,245,1.23,224,2.51
AC9_D1_18O-7_1,N5_1,1.7415,129,MNOP,E1-F1-G1-H1-H2,175,5.83,160,7.07
AC9_D1_18O-7_2,N5_2,1.7242,129,MNOP,G2,35,17.29,27,20.28
AC9_D1_18O-7_3,N5_3,1.7176,129,MNOP,F2,35,13.25,27,12.69
AC9_D1_18O-7_4,N5_4,1.7105,129,MNOP,E2-D2,70,5.77,60,8.01
AC9_D1_18O-7_5,N5_5,1.6828,129,MNOP,C2-B2-A2-A3-B3-C3,210,0.67,188,1.27
HA8_D3_18O-7_1,N6_1,1.741,129,MNOP,F4-E4-D4-C4-B4,175,6.52,160,7.82
HA8_D3_18O-7_2,N6_2,1.7235,129,MNOP,A4,35,15.98,27,11.41
HA8_D3_18O-7_3,N6_3,1.7202,129,MNOP,A5,35,11.84,27,9.69
HA8_D3_18O-7_4,N6_4,1.7136,129,MNOP,B5,35,8.37,27,6.88
HA8_D3_18O-7_5,N6_5,1.6869,129,MNOP,C5-D5-E5-F5-G5-H5-H6,245,1.13,227,2.11
AC3_D3_18O-7_1,O1_1,1.7416,129,MNOP,A7-B7-C7-D7-E7,175,4.81,160,6.22
AC3_D3_18O-7_2,O1_2,1.7237,129,MNOP,F7,35,14.62,27,12.59
AC3_D3_18O-7_3,O1_3,1.7182,129,MNOP,G7,35,15.66,27,13.6
AC3_D3_18O-7_4,O1_4,1.7127,129,MNOP,H7,35,11.38,27,8.3
AC3_D3_18O-7_5,O1_5,1.6865,129,MNOP,H8-G8-F8-E8-D8-C8-B8,245,1.18,220,1.65
HC9_D5_18O-7_1,O2_1,1.7408,143,MNOP,E1-F1-G1-H1-H2,175,3.05,169,3
HC9_D5_18O-7_2,O2_2,1.7227,143,MNOP,G2,35,21.45,47,14.36
HC9_D5_18O-7_3,O2_3,1.7161,143,MNOP,F2,35,18.32,31,12.39
HC9_D5_18O-7_4,O2_4,1.7118,143,MNOP,E2,35,13.16,29,7.31
HC9_D5_18O-7_5,O2_5,1.6861,143,MNOP,D2-C2-B2-A2-A3-B3-C3,245,1.68,235,1.66
HB4_D3_18O-7_1,O3_1,1.7416,129,MNOP,G9-H9-H10-G10-F10,175,3.24,150,6.25
HB4_D3_18O-7_2,O3_2,1.7239,129,MNOP,E10,35,14.5,27,13.56
HB4_D3_18O-7_3,O3_3,1.7184,129,MNOP,D10,35,10.28,27,8.48
HB4_D3_18O-7_4,O3_4,1.7118,129,MNOP,C10,35,2.61,27,8.31
HB4_D3_18O-7_5,O3_5,1.6881,129,MNOP,B10-A10-A11-B11-C11-D11-E11,217,0.33,228,0.7
HC5_D3_18O-7_1,O4_1,1.7445,139,ABCD,F9-G9-H9-H10-G10-F10,210,1.9,160,6.92
HC5_D3_18O-7_2,O4_2,1.7249,139,ABCD,E10,35,7.81,27,16.75
HC5_D3_18O-7_3,O4_3,1.7173,139,ABCD,D10,35,6.53,27,10.83
HC5_D3_18O-7_4,O4_4,1.7107,139,ABCD,C10,35,4.37,230,9.83
HC5_D3_18O-7_5,O4_5,1.6866,139,ABCD,B10-A10-A11-B11-C11-D11-E11,231,0.58,200,1.83
HC4_D5_18O-7_1,O6_1,1.7441,139,EFGH,D1-E1-F1-G1-H1-H2,210,1.45,27,2.24
HC4_D5_18O-7_2,O6_2,1.7243,139,EFGH,G2,35,10.45,27,11.99
HC4_D5_18O-7_3,O6_3,1.7188,139,EFGH,F2,35,7.77,27,11.1
HC4_D5_18O-7_4,O6_4,1.7124,139,EFGH,E2,35,5.19,27,6.66
HC4_D5_18O-7_5,O6_5,1.6875,139,EFGH,D2-C2-B2-A2-A3-B3-C3,245,0.73,220,1.13
HB9_D1_18O-7_1,P1_1,1.7476,142,IJKL,A7-B7-C7-D7-E7,175,3.02,168,6.13
HB9_D1_18O-7_2,P1_2,1.7257,142,IJKL,F7-G7,70,13.51,65,13.56
HB9_D1_18O-7_3,P1_3,1.7177,142,IJKL,H7,35,8.69,25,6.96
HB9_D1_18O-7_4,P1_4,1.7111,142,IJKL,H8-G8,70,3.05,64,4.04
HB9_D1_18O-7_5,P1_5,1.6848,142,IJKL,F8-E8-D8-C8-B8,175,0.47,168,0.71
HB4_D5_18O-7_1,P3_1,1.7443,141,EFGH,F9-G9-H9-H10-G10-F10,210,3.73,200,1.07
HB4_D5_18O-7_2,P3_2,1.7242,141,EFGH,E10,35,20.72,22,19.2
HB4_D5_18O-7_3,P3_3,1.7176,141,EFGH,D10,35,17.26,23,17.52
HB4_D5_18O-7_4,P3_4,1.7123,141,EFGH,C10,35,10.24,20,13.66
HB4_D5_18O-7_5,P3_5,1.6861,141,EFGH,B10-A10-A11-B11-C11-D11-E11,245,1.29,210,7.37
HA3_D3_18O-7_1,P4_1,1.7452,131,EFGH,A6-A7-B7-C7-D7,175,1.35,160,2.8
HA3_D3_18O-7_2,P4_2,1.7275,131,EFGH,E7,35,9.23,27,7.52
HA3_D3_18O-7_3,P4_3,1.722,131,EFGH,F7,35,11.99,27,13.96
HA3_D3_18O-7_4,P4_4,1.7133,131,EFGH,G7-H7,70,8.27,60,7.18
HA3_D3_18O-7_5,P4_5,1.6835,131,EFGH,H8-G8-F8-E8-D8-C8-B8,245,0.72,237,1.14
HB8_D1_18O-7_1,P5_1,1.7455,142,IJKL,G9-H9-H10-G10-F10,175,2.85,165,3.07
HB8_D1_18O-7_2,P5_2,1.7265,142,IJKL,E10,35,9.76,32,7.94
HB8_D1_18O-7_3,P5_3,1.7221,142,IJKL,D10,35,10.03,30,8.2
HB8_D1_18O-7_4,P5_4,1.7128,142,IJKL,C10-B10,70,4.59,63,4.08
HB8_D1_18O-7_5,P5_5,1.6876,142,IJKL,A10-A11-B11-C11-D11-E11,210,0.57,204,0.78
HB5_D3_18O-7_1,P6_1,1.746,139,EFGH,G4-F4-E4-D4-C4,175,1.09,160,2.28
HB5_D3_18O-7_2,P6_2,1.7254,139,EFGH,B4-A4,70,7.68,60,7.88
HB5_D3_18O-7_3,P6_3,1.7167,139,EFGH,A5,35,6.95,27,12.31
HB5_D3_18O-7_4,P6_4,1.7101,139,EFGH,B5,35,4.66,27,8.07
HB5_D3_18O-7_5,P6_5,1.6853,139,EFGH,C5-D5-E5-F5-G5-H5-H6,245,0.6,220,1.17
HB5_D5_18O-7_1,Q1_1,1.7454,146,EFGH,B6-A6-A7-B7-C7-D7,210,1.89,197,3.39
HB5_D5_18O-7_2,Q1_2,1.725,146,EFGH,E7,35,14.78,28,13.87
HB5_D5_18O-7_3,Q1_3,1.717,146,EFGH,F7-G7,70,13.67,64,12.77
HB5_D5_18O-7_4,Q1_4,1.7077,146,EFGH,H7,35,6.98,220,9.16
HB5_D5_18O-7_5,Q1_5,1.6835,146,EFGH,H8-G8-F8-E8-D8-C8-B8,245,0.9,204,1.75
AB4_D3_18O-7_1,Q2_1,1.7431,133,ABCD,E1-F1-G1-H1-H2,175,2.12,168,2.99
AB4_D3_18O-7_2,Q2_2,1.726,133,ABCD,G2,35,16.05,27,12.32
AB4_D3_18O-7_3,Q2_3,1.7195,133,ABCD,F2,35,15.94,27,8.66
AB4_D3_18O-7_4,Q2_4,1.7129,133,ABCD,E2,35,11.63,27,11.33
AB4_D3_18O-7_5,Q2_5,1.6889,133,ABCD,D2-C2-B2-A2-A3-B3-C3,245,1.52,230,2.09
AC7_D1_18O-7_1,Q4_1,1.7456,133,ABCD,A6-A7-B7-C7-D7,175,0.8,170,1.53
AC7_D1_18O-7_2,Q4_2,1.7244,133,ABCD,E7,35,10.43,27,11.49
AC7_D1_18O-7_3,Q4_3,1.7189,133,ABCD,F7-G7,70,17.17,60,10.23
AC7_D1_18O-7_4,Q4_4,1.7103,133,ABCD,H7,35,8.8,27,10.09
AC7_D1_18O-7_5,Q4_5,1.6859,133,ABCD,H8-G8-F8-E8-D8-C8-B8,245,0.82,230,1.53
HA9_D5_18O-7_1,Q5_1,1.7442,139,EFGH,A6-A7-B7-C7-D7,175,1,145,1.44
HA9_D5_18O-7_2,Q5_2,1.7264,139,EFGH,E7,35,6.54,18,8.1
HA9_D5_18O-7_3,Q5_3,1.7209,139,EFGH,F7,35,8.48,18,5.25
HA9_D5_18O-7_4,Q5_4,1.7118,139,EFGH,G7-H7,70,4.82,56,5.95
HA9_D5_18O-7_5,Q5_5,1.6845,139,EFGH,H8-G8-F8-E8-D8-C8-B8,245,0.49,223,3.08
AC7_D3_18O-7_1,R1_1,1.7419,133,EFGH,F4-E4-D4-C4-B4,175,1.65,165,2.92
AC7_D3_18O-7_2,R1_2,1.7239,133,EFGH,A4,35,12.97,27,9.2
AC7_D3_18O-7_3,R1_3,1.7184,133,EFGH,A5,35,14.17,27,10.4
AC7_D3_18O-7_4,R1_4,1.7108,133,EFGH,B5,35,11.8,27,10.56
AC7_D3_18O-7_5,R1_5,1.6879,133,EFGH,C5-D5-E5-F5-G5-H5-H6,245,1.47,220,2.67
HC3_D3_18O-7_1,R3_1,1.7435,133,EFGH,A7-B7-C7-D7-E7,175,2.39,150,4.99
HC3_D3_18O-7_2,R3_2,1.7245,133,EFGH,F7,35,11.55,27,13.58
HC3_D3_18O-7_3,R3_3,1.719,133,EFGH,G7,35,10.29,27,11.14
HC3_D3_18O-7_4,R3_4,1.711,133,EFGH,H7-H8,70,6.97,60,7.62
HC3_D3_18O-7_5,R3_5,1.6861,133,EFGH,G8-F8-E8-D8-C8-B8,210,0.65,230,1.07
AA3_D1_18O-7_1,R4_1,1.7449,133,EFGH,F9-G9-H9-H10-G10,175,1.9,160,3.42
AA3_D1_18O-7_2,R4_2,1.7276,133,EFGH,F10,35,9.2,27,9.53
AA3_D1_18O-7_3,R4_3,1.721,133,EFGH,E10,35,12.02,27,14.2
AA3_D1_18O-7_4,R4_4,1.7118,133,EFGH,D10-C10,70,7.26,60,5.19
AA3_D1_18O-7_5,R4_5,1.6844,133,EFGH,B10-A10-A11-B11-C11-D11-E11,182,0.72,220,1.2
HA5_D5_18O-7_1,R5_1,1.7455,139,EFGH,F9-G9-H9-H10-G10,175,0.82,160,1.63
HA5_D5_18O-7_2,R5_2,1.7284,139,EFGH,F10,35,7.68,27,10.92
HA5_D5_18O-7_3,R5_3,1.7193,139,EFGH,E10-D10,70,12.4,60,15.02
HA5_D5_18O-7_4,R5_4,1.71,139,EFGH,C10,35,6.24,27,8.49
HA5_D5_18O-7_5,R5_5,1.6827,139,EFGH,B10-A10-A11-B11-C11-D11-E11,245,0.88,220,3.36
AB9_D5_18O-7_1,R6_1,1.745,133,ABCD,G4-F4-E4-D4-C4,175,1.26,140,1.69
AB9_D5_18O-7_2,R6_2,1.7274,133,ABCD,B4,35,13.07,27,11.72
AB9_D5_18O-7_3,R6_3,1.7199,133,ABCD,A4-A5,70,19.6,60,10.59
AB9_D5_18O-7_4,R6_4,1.7101,133,ABCD,B5,35,9.62,27,9.06
AB9_D5_18O-7_5,R6_5,1.6868,133,ABCD,C5-D5-E5-F5-G5-H5-H6,245,0.95,220,1.47
HB8_D5_18O-7_1,S1_1,1.743,132,ABCD,F4-E4-D4-C4-B4,175,1.17,160,1.43
HB8_D5_18O-7_2,S1_2,1.7243,132,ABCD,A4,35,9.86,27,10.24
HB8_D5_18O-7_3,S1_3,1.7199,132,ABCD,A5,35,10.65,27,10.71
HB8_D5_18O-7_4,S1_4,1.7108,132,ABCD,B5-C5,70,5.91,60,9.49
HB8_D5_18O-7_5,S1_5,1.6853,132,ABCD,D5-E5-F5-G5-H5-H6,210,0.65,188,1.21
AA3_D5_18O-7_1,S2_1,1.7419,139,IJKL,E1-F1-G1-H1-H2,175,1.1,130,1.36
AA3_D5_18O-7_2,S2_2,1.7246,139,IJKL,G2,35,7.49,18,1.6
AA3_D5_18O-7_3,S2_3,1.7181,139,IJKL,F2,35,8.43,18,8.72
AA3_D5_18O-7_4,S2_4,1.7126,139,IJKL,E2,35,7.24,23,8.91
AA3_D5_18O-7_5,S2_5,1.6869,139,IJKL,D2-C2-B2-A2-A3-B3-C3,245,0.97,231,8.96
AA7_D5_18O-7_1,S3_1,1.7465,141,EFGH,D1-E1-F1-G1-H1,175,2.1,168,1.11
AA7_D5_18O-7_2,S3_2,1.7288,141,EFGH,H2,35,11.64,22,1.6
AA7_D5_18O-7_3,S3_3,1.7195,141,EFGH,G2-F2,70,22.35,45,8.34
AA7_D5_18O-7_4,S3_4,1.7113,141,EFGH,E2,35,14.41,20,16.3
AA7_D5_18O-7_5,S3_5,1.6855,141,EFGH,D2-C2-B2-A2-A3-B3-C3,245,1.69,220,8.26
HC9_D1_18O-7_1,S4_1,1.7449,133,ABCD,F9-G9-H9-H10-G10-F10,210,3.21,140,5.53
HC9_D1_18O-7_2,S4_2,1.7242,133,ABCD,E10,35,15,27,10.16
HC9_D1_18O-7_3,S4_3,1.7188,133,ABCD,D10,35,10.13,27,10.54
HC9_D1_18O-7_4,S4_4,1.7122,133,ABCD,C10,35,5.22,27,8.83
HC9_D1_18O-7_5,S4_5,1.6878,133,ABCD,B10-A10-A11-B11-C11-D11-E11,227.5,0.78,230,1.27
AB5_D1_18O-7_1,S5_1,1.744,139,IJKL,G4-F4-E4-D4-C4-B4,210,1.17,180,0.71
AB5_D1_18O-7_2,S5_2,1.7239,139,IJKL,A4,35,9.41,23,9.16
AB5_D1_18O-7_3,S5_3,1.7197,139,IJKL,A5,35,8.59,23,10.56
AB5_D1_18O-7_4,S5_4,1.7121,139,IJKL,B5,35,5.12,22,11.35
AB5_D1_18O-7_5,S5_5,1.6874,139,IJKL,C5-D5-E5-F5-G5-H5-H6,245,0.72,204,6.38
HB9_D5_18O-7_1,S6_1,1.745,146,IJKL,G4-F4-E4-D4-C4,175,1.49,168,1.22
HB9_D5_18O-7_2,S6_2,1.7262,146,IJKL,B4,35,12.54,28,11.48
HB9_D5_18O-7_3,S6_3,1.7188,146,IJKL,A4-A5,70,18.77,65,18.4
HB9_D5_18O-7_4,S6_4,1.71,146,IJKL,B5,35,11.37,28,8.54
HB9_D5_18O-7_5,S6_5,1.6796,146,IJKL,C5-D5-E5-F5-G5-H5-H6,242,1.32,230,1.34
AA9_D3_18O-7_1,T1_1,1.7442,132,IJKL,E1-F1-G1-H1-H2,175,1.2,158,1.34
AA9_D3_18O-7_2,T1_2,1.726,132,IJKL,G2,35,11.79,27,9.76
AA9_D3_18O-7_3,T1_3,1.7195,132,IJKL,F2,35,17.39,27,8.32
AA9_D3_18O-7_4,T1_4,1.714,132,IJKL,E2,35,13.76,27,12.66
AA9_D3_18O-7_5,T1_5,1.689,132,IJKL,D2-C2-B2-A2-A3-B3-C3,245,2.02,220,2.72
AB3_D5_18O-7_1,T3_1,1.7449,139,IJKL,A6-A7-B7-C7-D7-E7,210,2,165,1.22
AB3_D5_18O-7_2,T3_2,1.7245,139,IJKL,F7,35,9.47,23,2.59
AB3_D5_18O-7_3,T3_3,1.7201,139,IJKL,G7,35,10.54,22,12
AB3_D5_18O-7_4,T3_4,1.713,139,IJKL,H7-H8,70,7.25,45,1.52
AB3_D5_18O-7_5,T3_5,1.6943,139,IJKL,G8-F8-E8-D8-C8-B8-A8,245,0.7,200,9.68
HA9_D1_18O-7_1,T4_1,1.7457,132,IJKL,F9-G9-H9-H10-G10-F10,210,1.87,188,2.59
HA9_D1_18O-7_2,T4_2,1.7248,132,IJKL,E10,35,14.77,27,12.99
HA9_D1_18O-7_3,T4_3,1.7194,132,IJKL,D10,35,14.99,27,12.84
HA9_D1_18O-7_4,T4_4,1.7128,132,IJKL,C10,35,9.02,27,8.86
HA9_D1_18O-7_5,T4_5,1.689,132,IJKL,B10-A10-A11-B11-C11-D11-E11,245,1.24,230,1.86
AC5_D3_18O-7_1,T5_1,1.7442,139,IJKL,F9-G9-H9-H10-G10-F10,210,0.82,160,1.4
AC5_D3_18O-7_2,T5_2,1.7225,139,IJKL,E10,35,7.21,22,10.08
AC5_D3_18O-7_3,T5_3,1.7159,139,IJKL,D10,35,8.31,22,9.8
AC5_D3_18O-7_4,T5_4,1.7105,139,IJKL,C10,35,5.91,22,11.17
AC5_D3_18O-7_5,T5_5,1.6855,139,IJKL,B10-A10-A11-B11-C11-D11-E11,245,0.62,190,1.06
HB5_D1_18O-7_1,T6_1,1.7445,146,ABCD,A6-A7-B7-C7-D7,175,1.84,170,3.56
HB5_D1_18O-7_2,T6_2,1.7262,146,ABCD,E7,35,11.14,31,9.74
HB5_D1_18O-7_3,T6_3,1.7207,146,ABCD,F7,35,13.21,27,14.76
HB5_D1_18O-7_4,T6_4,1.7116,146,ABCD,G7-H7,70,6.81,63,5.35
HB5_D1_18O-7_5,T6_5,1.6831,146,ABCD,H8-G8-F8-E8-D8-C8-B8,245,0.52,235,0.68
AA5_D3_18O-7_1,U2_1,1.7464,146,ABCD,E9-F9-G9-H9-H10-G10,210,0.84,114,1.89
AA5_D3_18O-7_2,U2_2,1.727,146,ABCD,F10,35,8.12,198,6.71
AA5_D3_18O-7_3,U2_3,1.7204,146,ABCD,E10,35,11.17,28,13.11
AA5_D3_18O-7_4,U2_4,1.7111,146,ABCD,D10-C10,70,7.25,24,1.78
AA5_D3_18O-7_5,U2_5,1.6833,146,ABCD,B10-A10-A11-B11-C11-D11-E11,245,0.65,235,1.08
HC3_D1_18O-7_1,U3_1,1.7425,132,IJKL,F4-E4-D4-C4-B4,175,1.62,160,2.78
HC3_D1_18O-7_2,U3_2,1.7246,132,IJKL,A4,35,13.45,27,11.24
HC3_D1_18O-7_3,U3_3,1.7202,132,IJKL,A5,35,14.92,27,13.4
HC3_D1_18O-7_4,U3_4,1.7109,132,IJKL,B5-C5,70,7.05,60,7.85
HC3_D1_18O-7_5,U3_5,1.6847,132,IJKL,D5-E5-F5-G5-H5-H6,210,0.65,200,1.16
HC4_D3_18O-7_1,U4_1,1.7434,132,EFGH,A7-B7-C7-D7-E7,175,2.59,160,4.75
HC4_D3_18O-7_2,U4_2,1.7263,132,EFGH,F7,35,17.73,27,16.53
HC4_D3_18O-7_3,U4_3,1.7198,132,EFGH,G7,35,25.23,27,30.8
HC4_D3_18O-7_4,U4_4,1.7121,132,EFGH,H7-H8,70,15.96,60,15.29
HC4_D3_18O-7_5,U4_5,1.6873,132,EFGH,G8-F8-E8-D8-C8-B8,210,1.69,210,3.29
HB8_D3_18O-7_1,U5_1,1.7442,142,IJKL,F4-E4-D4-C4-B4-A4,210,3.27,204,4.74
HB8_D3_18O-7_2,U5_2,1.7231,142,IJKL,A5,35,9.16,28,7.44
HB8_D3_18O-7_3,U5_3,1.7176,142,IJKL,B5,35,7.25,30,5.37
HB8_D3_18O-7_4,U5_4,1.7123,142,IJKL,C5,35,4.38,28,3.54
HB8_D3_18O-7_5,U5_5,1.6873,142,IJKL,D5-E5-F5-G5-H5-H6,210,0.68,197,0.97
AA4_D1_18O-7_1,U6_1,1.743,132,MNOP,F4-E4-D4-C4-B4,175,1.56,160,2.78
AA4_D1_18O-7_2,U6_2,1.7258,132,MNOP,A4,35,10.57,27,10.96
AA4_D1_18O-7_3,U6_3,1.7192,132,MNOP,A5,35,14.57,27,9.01
AA4_D1_18O-7_4,U6_4,1.7138,132,MNOP,B5,35,11.03,27,11.67
AA4_D1_18O-7_5,U6_5,1.689,132,MNOP,C5-D5-E5-F5-G5-H5-H6,245,1.6,220,2.52
AA5_D1_18O-7_1,V1_1,1.742,149,MNOP,F1-G1-H1-H2-G2,175,4.14,166,6.4
AA5_D1_18O-7_2,V1_2,1.7237,149,MNOP,F2,35,14.37,28,25.03
AA5_D1_18O-7_3,V1_3,1.7194,149,MNOP,E2,35,10.74,28,17.46
AA5_D1_18O-7_4,V1_4,1.713,149,MNOP,D2,35,6.22,28,9.12
AA5_D1_18O-7_5,V1_5,1.6834,149,MNOP,C2-B2-A2-A3-B3-C3-D3,242,0.73,230,1.18
HA4_D3_18O-7_1,V3_1,1.744,133,IJKL,D1-E1-F1-G1-H1,175,1.48,140,2.08
HA4_D3_18O-7_2,V3_2,1.7278,133,IJKL,H2,35,9.68,27,9.74
HA4_D3_18O-7_3,V3_3,1.7212,133,IJKL,G2,35,12.45,27,11.6
HA4_D3_18O-7_4,V3_4,1.7114,133,IJKL,F2-E2,70,6.77,50,8.79
HA4_D3_18O-7_5,V3_5,1.6833,133,IJKL,D2-C2-B2-A2-A3-B3-C3,245,0.48,220,0.47
AA4_D3_18O-7_1,V4_1,1.7444,133,IJKL,G4-F4-E4-D4-C4,175,1.43,160,2.21
AA4_D3_18O-7_2,V4_2,1.7269,133,IJKL,B4,35,10.25,27,9.3
AA4_D3_18O-7_3,V4_3,1.7203,133,IJKL,A4,35,14.7,27,12.4
AA4_D3_18O-7_4,V4_4,1.7121,133,IJKL,A5-B5,70,7.88,60,9.55
AA4_D3_18O-7_5,V4_5,1.6841,133,IJKL,C5-D5-E5-F5-G5-H5-H6,245,0.63,220,0.27
HA4_D1_18O-7_1,V5_1,1.7461,133,IJKL,A6-A7-B7-C7-D7-E7,210,3.05,160,4.84
HA4_D1_18O-7_2,V5_2,1.7251,133,IJKL,F7,35,21.57,27,12.77
HA4_D1_18O-7_3,V5_3,1.7196,133,IJKL,G7,35,17.71,27,9.93
HA4_D1_18O-7_4,V5_4,1.7131,133,IJKL,H7,35,10.93,27,10.44
HA4_D1_18O-7_5,V5_5,1.689,133,IJKL,H8-G8-F8-E8-D8-C8-B8,245,1.23,220,1.68
AC4_D1_18O-7_1,V6_1,1.7428,132,MNOP,G9-H9-H10-G10-F10,175,2.73,165,4.26
AC4_D1_18O-7_2,V6_2,1.7253,132,MNOP,E10,35,16.19,27,9.9
AC4_D1_18O-7_3,V6_3,1.7187,132,MNOP,D10,35,19.92,27,14.45
AC4_D1_18O-7_4,V6_4,1.7133,132,MNOP,C10,35,16.9,27,10.89
AC4_D1_18O-7_5,V6_5,1.6877,132,MNOP,B10-A10-A11-B11-C11-D11-E11,245,2.6,230,3.81
AA5_D5_18O-7_1,W1_1,1.7461,146,ABCD,G4-F4-E4-D4-C4,175,1.35,166,2.27
AA5_D5_18O-7_2,W1_2,1.7276,146,ABCD,B4,35,6.91,27,7.12
AA5_D5_18O-7_3,W1_3,1.7194,146,ABCD,A4-A5,70,12.86,64,16.44
AA5_D5_18O-7_4,W1_4,1.7112,146,ABCD,B5,35,8.21,27,6.55
AA5_D5_18O-7_5,W1_5,1.6843,146,ABCD,C5-D5-E5-F5-G5-H5-H6,245,0.95,235,2.1
AC7_D5_18O-7_1,W2_1,1.7451,132,ABCD,F9-G9-H9-H10-G10-F10,210,0.79,200,1.05
AC7_D5_18O-7_2,W2_2,1.7257,132,ABCD,E10,35,7.75,27,8.36
AC7_D5_18O-7_3,W2_3,1.7193,132,ABCD,D10,35,13.31,28,21.41
AC7_D5_18O-7_4,W2_4,1.7139,132,ABCD,C10,35,12.58,27,11.98
AC7_D5_18O-7_5,W2_5,1.6887,132,ABCD,B10-A10-A11-B11-C11-D11-E11,245,1.76,230,2.02
HA8_D1_18O-7_1,W3_1,1.7453,141,ABCD,H4-G4-F4-E4,140,3.44,145,1.2
HA8_D1_18O-7_2,W3_2,1.7257,141,ABCD,D4,35,9.67,22,3.93
HA8_D1_18O-7_3,W3_3,1.7181,141,ABCD,C4,35,9.74,20,9.66
HA8_D1_18O-7_4,W3_4,1.7095,141,ABCD,B4,35,2.72,18,9.38
HA8_D1_18O-7_5,W3_5,1.6847,141,ABCD,A4-A5-B5-C5-D5-E5,210,0.4,194,2.85
AB3_D1_18O-7_1,W6_1,1.7457,132,IJKL,A6-A7-B7-C7-D7-E7,210,1.28,200,2.13
AB3_D1_18O-7_2,W6_2,1.7252,132,IJKL,F7,35,10.77,27,11.32
AB3_D1_18O-7_3,W6_3,1.7186,132,IJKL,G7,35,15.16,27,13.5
AB3_D1_18O-7_4,W6_4,1.7111,132,IJKL,H7-H8,70,7.06,60,9.94
AB3_D1_18O-7_5,W6_5,1.6862,132,IJKL,G8-F8-E8-D8-C8-B8,207,0.78,184,1.12
AC3_D5_18O-7_1,X2_1,1.7449,132,ABCD,E1-F1-G1-H1-H2,175,2.77,130,6.91
AC3_D5_18O-7_2,X2_2,1.7262,132,ABCD,G2,35,12.03,27,9.53
AC3_D5_18O-7_3,X2_3,1.7208,132,ABCD,F2,35,18.88,27,13.36
AC3_D5_18O-7_4,X2_4,1.7117,132,ABCD,E2-D2,70,12.99,60,8.43
AC3_D5_18O-7_5,X2_5,1.6871,132,ABCD,C2-B2-A2-A3-B3-C3,210,1.1,207,1.8
AC9_D5_18O-7_1,X3_1,1.7443,146,IJKL,E9-F9-G9-H9-H10-G10,210,1.7,202,1.59
AC9_D5_18O-7_2,X3_2,1.7245,146,IJKL,F10,35,12.54,28,12.88
AC9_D5_18O-7_3,X3_3,1.7181,146,IJKL,E10,35,16.08,28,18.92
AC9_D5_18O-7_4,X3_4,1.7127,146,IJKL,D10,35,14,28,14.32
AC9_D5_18O-7_5,X3_5,1.684,146,IJKL,C10-B10-A10-A11-B11-C11-D11-E11,276,1.9,260,2.06
HC8_D3_18O-7_1,X4_1,1.7451,132,MNOP,A6-A7-B7-C7-D7-E7,210,5.29,195,8.84
HC8_D3_18O-7_2,X4_2,1.7251,132,MNOP,F7,35,20.65,27,12.79
HC8_D3_18O-7_3,X4_3,1.7196,132,MNOP,G7,35,21.35,27,12.16
HC8_D3_18O-7_4,X4_4,1.7131,132,MNOP,H7,35,19.8,27,14.71
HC8_D3_18O-7_5,X4_5,1.6892,132,MNOP,H8-G8-F8-E8-D8-C8-B8,245,3.39,230,5.29
HA8_D5_18O-7_1,X5_1,1.7443,132,ABCD,A7-B7-C7-D7-E7,175,1.34,157,2.59
HA8_D5_18O-7_2,X5_2,1.7267,132,ABCD,F7,35,12.98,27,9.52
HA8_D5_18O-7_3,X5_3,1.7204,132,ABCD,G7,35,21.78,27,11.51
HA8_D5_18O-7_4,X5_4,1.7116,132,ABCD,H7-H8,70,10.86,60,10.86
HA8_D5_18O-7_5,X5_5,1.6823,132,ABCD,G8-F8-E8-D8-C8-B8,210,0.99,190,1.4
AA7_D3_18O-7_1,Y1_1,1.7445,133,IJKL,F9-G9-H9-H10-G10,175,0.73,150,1.13
AA7_D3_18O-7_2,Y1_2,1.7275,133,IJKL,F10,35,8.39,27,8
AA7_D3_18O-7_3,Y1_3,1.7209,133,IJKL,E10,35,15.17,27,13.54
AA7_D3_18O-7_4,Y1_4,1.7122,133,IJKL,D10-C10,70,10.88,60,10.27
AA7_D3_18O-7_5,Y1_5,1.6854,133,IJKL,B10-A10-A11-B11-C11-D11-E11,245,0.87,220,1.54
HB4_D1_18O-7_1,Y2_1,1.7452,144,ABCD,F9-G9-H9-H10-G10,160,2.5,151,3.84
HB4_D1_18O-7_2,Y2_2,1.7274,144,ABCD,F10,32,14.89,25,21.67
HB4_D1_18O-7_3,Y2_3,1.7209,144,ABCD,E10,32,14.93,26,22.06
HB4_D1_18O-7_4,Y2_4,1.7121,144,ABCD,D10-C10,64,8.65,24,7.25
HB4_D1_18O-7_5,Y2_5,1.6832,144,ABCD,B10-A10-A11-B11-C11-D11-E11,224,0.78,217,1.17
HC5_D1_18O-7_1,Y3_1,1.7456,146,EFGH,C1-D1-E1-F1-G1-H1,210,1.59,28,3.39
HC5_D1_18O-7_2,Y3_2,1.7232,146,EFGH,H2,35,10,29,8.8
HC5_D1_18O-7_3,Y3_3,1.7221,146,EFGH,G2,35,9.08,24,7.38
HC5_D1_18O-7_4,Y3_4,1.7117,146,EFGH,F2-E2,70,4.49,195,7.54
HC5_D1_18O-7_5,Y3_5,1.6821,146,EFGH,D2-C2-B2-A2-A3-B3-C3,245,0.54,27,0.66
AC3_D1_18O-7_1,Y4_1,1.7441,134,ABCD,F4-E4-D4-C4-B4,175,0.87,150,1.98
AC3_D1_18O-7_2,Y4_2,1.7248,134,ABCD,A4-A5,70,8.7,60,16.28
AC3_D1_18O-7_3,Y4_3,1.7172,134,ABCD,B5,35,11.04,27,13.84
AC3_D1_18O-7_4,Y4_4,1.7106,134,ABCD,C5,35,6.73,27,8.77
AC3_D1_18O-7_5,Y4_5,1.689,134,ABCD,D5-E5-F5-G5-H5-H6-G6,245,0.8,220,1.17
AB9_D1_18O-7_1,Y5_1,1.7442,134,ABCD,A7-B7-C7-D7-E7,175,1.59,160,2.96
AB9_D1_18O-7_2,Y5_2,1.7274,134,ABCD,F7,35,8.72,27,11.68
AB9_D1_18O-7_3,Y5_3,1.72,134,ABCD,G7,35,9.9,27,12.37
AB9_D1_18O-7_4,Y5_4,1.7118,134,ABCD,H7-H8,70,4.31,60,8.14
AB9_D1_18O-7_5,Y5_5,1.6817,134,ABCD,G8-F8-E8-D8-C8-B8-A8,245,0.46,227,0.71
HC9_D3_18O-7_1,Y6_1,1.7431,132,EFGH,F4-E4-D4-C4-B4,175,3.44,160,5.88
HC9_D3_18O-7_2,Y6_2,1.7248,132,EFGH,A4,35,13.01,27,12.08
HC9_D3_18O-7_3,Y6_3,1.7205,132,EFGH,A5,35,13,27,12.49
HC9_D3_18O-7_4,Y6_4,1.7112,132,EFGH,B5-C5,70,7.41,60,8.5
HC9_D3_18O-7_5,Y6_5,1.687,132,EFGH,D5-E5-F5-G5-H5-H6,210,0.93,188,1.11
AA4_D5_18O-7_1,Z10_1,1.7473,122,EFGH,B6-A6-A7-B7-C7,175,0.87,162,2.22
AA4_D5_18O-7_2,Z10_2,1.7274,122,EFGH,D7,35,3.7,27,5.59
AA4_D5_18O-7_3,Z10_3,1.7198,122,EFGH,E7,35,4.84,27,9.72
AA4_D5_18O-7_4,Z10_4,1.7121,122,EFGH,F7,35,4.05,28,7.7
AA4_D5_18O-7_5,Z10_5,1.6866,122,EFGH,G7-H7-H8-G8-F8-E8-D8-C8,261,1.57,240,3.53
AB4_D5_18O-7_1,Z11_1,1.7453,122,EFGH,G9-H9-H10-G10-F10,175,0.78,160,2.05
AB4_D5_18O-7_2,Z11_2,1.7271,122,EFGH,E10,35,3.64,25,5.7
AB4_D5_18O-7_3,Z11_3,1.719,122,EFGH,D10-C10,70,7.71,60,7.72
AB4_D5_18O-7_4,Z11_4,1.7098,122,EFGH,B10,35,5.29,25,7.44
AB4_D5_18O-7_5,Z11_5,1.6878,122,EFGH,A10-A11-B11-C11-D11-E11,210,0.68,198,1.18
AC4_D5_18O-7_1,Z12_1,1.7414,122,IJKL,F1-G1-H1-H2-G2,160,1.71,147,2.1
AC4_D5_18O-7_2,Z12_2,1.7238,122,IJKL,F2,29,7,25,9.79
AC4_D5_18O-7_3,Z12_3,1.7183,122,IJKL,E2,35,8.45,28,9.2
AC4_D5_18O-7_4,Z12_4,1.7129,122,IJKL,D2,35,7.16,25,7.23
AC4_D5_18O-7_5,Z12_5,1.6906,122,IJKL,C2-B2-A2-A3-B3-C3,206,0.9,191,1.87
HB9_D3_18O-7_1,Z1_1,1.7456,149,MNOP,G9-H9-H10-G10-F10,175,1.35,168,2.32
HB9_D3_18O-7_2,Z1_2,1.7276,149,MNOP,E10,35,7.25,28,12.24
HB9_D3_18O-7_3,Z1_3,1.7222,149,MNOP,D10,35,7.47,28,12.44
HB9_D3_18O-7_4,Z1_4,1.7129,149,MNOP,C10-B10,70,3.84,63,6.48
HB9_D3_18O-7_5,Z1_5,1.6805,149,MNOP,A10-A11-B11-C11-D11-E11-F11,245,0.32,233,0.64
HB3_D3_18O-7_1,Z3_1,1.7455,132,EFGH,F9-G9-H9-H10-G10-F10,210,1.71,188,3.24
HB3_D3_18O-7_2,Z3_2,1.7256,132,EFGH,E10,35,11.91,27,13.05
HB3_D3_18O-7_3,Z3_3,1.7191,132,EFGH,D10,35,14.94,27,13.95
HB3_D3_18O-7_4,Z3_4,1.7136,132,EFGH,C10,35,10.54,27,12.81
HB3_D3_18O-7_5,Z3_5,1.6867,132,EFGH,B10-A10-A11-B11-C11-D11-E11,245,1.69,230,2.93
AC5_D5_18O-7_1,Z4_1,1.7431,141,ABCD,E1-F1-G1-H1-H2,175,0.97,168,1.29
AC5_D5_18O-7_2,Z4_2,1.725,141,ABCD,G2,35,6.63,20,6.28
AC5_D5_18O-7_3,Z4_3,1.7197,141,ABCD,F2,35,7.85,20,8.22
AC5_D5_18O-7_4,Z4_4,1.7115,141,ABCD,E2-D2,70,3.92,45,4.69
AC5_D5_18O-7_5,Z4_5,1.6848,141,ABCD,C2-B2-A2-A3-B3-C3,210,0.33,200,0.53
HC5_D5_18O-7_1,Z5_1,1.7443,141,ABCD,F9-G9-H9-H10-G10,175,0.98,168,1.14
HC5_D5_18O-7_2,Z5_2,1.7262,141,ABCD,F10,35,13.93,23,11.3
HC5_D5_18O-7_3,Z5_3,1.7207,141,ABCD,E10,35,16.84,22,18.84
HC5_D5_18O-7_4,Z5_4,1.712,141,ABCD,D10-C10,70,9.85,45,7.68
HC5_D5_18O-7_5,Z5_5,1.6828,141,ABCD,B10-A10-A11-B11-C11-D11-E11,217,0.66,230,10.52
AC5_D1_18O-7_1,Z6_1,1.7426,146,IJKL,D1-E1-F1-G1-H1,175,1.72,162,1.57
AC5_D1_18O-7_2,Z6_2,1.7253,146,IJKL,H2,35,14.15,25,14.42
AC5_D1_18O-7_3,Z6_3,1.7187,146,IJKL,G2,35,19.08,25,23.99
AC5_D1_18O-7_4,Z6_4,1.7133,146,IJKL,F2,35,15.59,28,20.11
AC5_D1_18O-7_5,Z6_5,1.6841,146,IJKL,E2-D2-C2-B2-A2-A3-B3-C3,280,1.85,270,2.16
HA3_D5_18O-7_1,Z7_1,1.7469,125,EFGH,A6-A7-B7-C7-D7,175,0.61,165,1.26
HA3_D5_18O-7_2,Z7_2,1.7263,125,EFGH,E7-F7,70,4.43,60,9.42
HA3_D5_18O-7_3,Z7_3,1.7172,125,EFGH,G7,35,2.89,27,3.86
HA3_D5_18O-7_4,Z7_4,1.7117,125,EFGH,H7,35,1.21,27,2.57
HA3_D5_18O-7_5,Z7_5,1.6861,125,EFGH,H8-G8-F8-E8-D8-C8-B8,245,0.31,228,0.59
HB3_D5_18O-7_1,Z8_1,1.7437,144,E,D1-E1-F1-G1-H1,160,6.92,149,9.46
HB3_D5_18O-7_2,Z8_2,1.726,144,E,H2,32,30.45,26,30.8
HB3_D5_18O-7_3,Z8_3,1.7196,144,E,G2,32,30.44,24,19.76
HB3_D5_18O-7_4,Z8_4,1.7114,144,E,F2-E2,64,17.27,26,14
HB3_D5_18O-7_5,Z8_5,1.6789,144,E,D2-C2-B2-A2-A3-B3-C3,224,1.63,54,2.7
HC3_D5_18O-7_1,Z9_1,1.7431,126,IJKL,G4-F4-E4-D4-C4,175,0.7,153,1.92
HC3_D5_18O-7_2,Z9_2,1.7243,126,IJKL,B4,35,7.25,27,8.93
HC3_D5_18O-7_3,Z9_3,1.7189,126,IJKL,A4,35,10.27,27,10.08
HC3_D5_18O-7_4,Z9_4,1.7123,126,IJKL,A5,35,7.53,27,7.74
HC3_D5_18O-7_5,Z9_5,1.6838,126,IJKL,B5-C5-D5-E5-F5-G5-H5-H6,280,0.97,268,1.36
HB5_D1_16O-7_1,a10_1,1.7434,134,IJKL,F9-G9-H9-H10-G10,175,0.3,160,0.49
HB5_D1_16O-7_2,a10_2,1.7255,134,IJKL,F10,35,7.99,27,12.05
HB5_D1_16O-7_3,a10_3,1.7201,134,IJKL,E10,35,10.53,27,14.46
HB5_D1_16O-7_4,a10_4,1.7113,134,IJKL,D10-C10,70,6.01,60,9.45
HB5_D1_16O-7_5,a10_5,1.6834,134,IJKL,B10-A10-A11-B11-C11-D11-E11,245,0.61,230,1.25
AC4_D1_16O-7_1,a11_1,1.7418,135,ABCD,E1-F1-G1-H1-H2,173,1.08,158,1.36
AC4_D1_16O-7_2,a11_2,1.7242,135,ABCD,G2,35,11.95,27,14.62
AC4_D1_16O-7_3,a11_3,1.7178,135,ABCD,F2,35,12.96,27,13.81
AC4_D1_16O-7_4,a11_4,1.7124,135,ABCD,E2,35,9.79,27,8.89
AC4_D1_16O-7_5,a11_5,1.6881,135,ABCD,D2-C2-B2-A2-A3-B3-C3,245,1.42,210,2.04
HB3_D1_16O-7_1,a12_1,1.7415,135,ABCD,F4-E4-D4-C4-B4,175,1.59,160,2.22
HB3_D1_16O-7_2,a12_2,1.7226,135,ABCD,A4,35,11.98,27,13.86
HB3_D1_16O-7_3,a12_3,1.7174,135,ABCD,A5,35,10.66,27,10.91
HB3_D1_16O-7_4,a12_4,1.7119,135,ABCD,B5,35,7.51,27,8.67
HB3_D1_16O-7_5,a12_5,1.6876,135,ABCD,C5-D5-E5-F5-G5-H5-H6,245,1.12,230,1.24
HB5_D5_16O-7_1,a1_1,1.7449,134,ABCD,F9-G9-H9-H10-G10-F10,210,1.05,149,2.36
HB5_D5_16O-7_2,a1_2,1.7249,134,ABCD,E10,35,17.31,27,16.67
HB5_D5_16O-7_3,a1_3,1.7194,134,ABCD,D10,35,15.91,27,13.89
HB5_D5_16O-7_4,a1_4,1.7118,134,ABCD,C10,35,11.28,27,11.87
HB5_D5_16O-7_5,a1_5,1.6879,134,ABCD,B10-A10-A11-B11-C11-D11-E11,245,1.37,230,2.18
AC3_D5_16O-7_1,a2_1,1.7442,134,EFGH,D1-E1-F1-G1-H1,175,0.56,160,0.81
AC3_D5_16O-7_2,a2_2,1.7272,134,EFGH,H2,35,5.09,27,7.82
AC3_D5_16O-7_3,a2_3,1.7207,134,EFGH,G2,35,10.12,27,11.94
AC3_D5_16O-7_4,a2_4,1.7119,134,EFGH,F2-E2,68,8.22,60,9.82
AC3_D5_16O-7_5,a2_5,1.685,134,EFGH,D2-C2-B2-A2-A3-B3-C3,238,1.2,204,1.71
HA9_D5_16O-7_1,a3_1,1.7452,140,EFGH,G4-F4-E4-D4-C4,175,0.45,140,2.17
HA9_D5_16O-7_2,a3_2,1.7276,140,EFGH,B4,35,7.96,18,8.56
HA9_D5_16O-7_3,a3_3,1.7201,140,EFGH,A4-A5,70,19.32,60,19.32
HA9_D5_16O-7_4,a3_4,1.7116,140,EFGH,B5,35,13.05,27,16.34
HA9_D5_16O-7_5,a3_5,1.6877,140,EFGH,C5-D5-E5-F5-G5-H5-H6,245,2.02,220,10.5
AB9_D5_16O-7_1,a4_1,1.7458,134,EFGH,H4-G4-F4-E4-D4-C4,210,0.49,160,0.91
AB9_D5_16O-7_2,a4_2,1.7254,134,EFGH,B4,35,4.96,27,8.15
AB9_D5_16O-7_3,a4_3,1.72,134,EFGH,A4,35,8.86,27,10.71
AB9_D5_16O-7_4,a4_4,1.7123,134,EFGH,A5-B5,70,6.75,60,9.1
AB9_D5_16O-7_5,a4_5,1.6849,134,EFGH,C5-D5-E5-F5-G5-H5-H6,245,0.99,230,1.79
HB8_D3_16O-7_1,a5_1,1.7457,134,EFGH,B6-A6-A7-B7-C7-D7,210,0.54,200,0.82
HB8_D3_16O-7_2,a5_2,1.7258,134,EFGH,E7,35,5.93,27,10.24
HB8_D3_16O-7_3,a5_3,1.7203,134,EFGH,F7,35,9.29,27,15.2
HB8_D3_16O-7_4,a5_4,1.711,134,EFGH,G7-H7,70,6.91,60,14.13
HB8_D3_16O-7_5,a5_5,1.6844,134,EFGH,H8-G8-F8-E8-D8-C8-B8,245,0.84,240,1.69
AB3_D3_16O-7_1,a6_1,1.7457,134,EFGH,E9-F9-G9-H9-H10-G10,210,0.61,196,0.95
AB3_D3_16O-7_2,a6_2,1.7262,134,EFGH,F10,35,4.99,18,9.33
AB3_D3_16O-7_3,a6_3,1.7196,134,EFGH,E10,35,8.68,27,12.93
AB3_D3_16O-7_4,a6_4,1.7142,134,EFGH,D10,35,8.66,27,12.57
AB3_D3_16O-7_5,a6_5,1.6877,134,EFGH,C10-B10-A10-A11-B11-C11-D11-E11,280,1.75,240,2.57
AC3_D1_16O-7_1,a7_1,1.7438,134,IJKL,D1-E1-F1-G1-H1,175,0.18,170,0.25
AC3_D1_16O-7_2,a7_2,1.7266,134,IJKL,H2,35,4.56,27,9.33
AC3_D1_16O-7_3,a7_3,1.72,134,IJKL,G2,35,10.42,27,14.04
AC3_D1_16O-7_4,a7_4,1.7115,134,IJKL,F2-E2,70,7.89,60,12.47
AC3_D1_16O-7_5,a7_5,1.6829,134,IJKL,D2-C2-B2-A2-A3-B3-C3,245,0.72,220,1.01
HA8_D1_16O-7_1,a8_1,1.7444,134,IJKL,G4-F4-E4-D4-C4,175,0.17,160,0.35
HA8_D1_16O-7_2,a8_2,1.7259,134,IJKL,B4,35,5.9,27,9.72
HA8_D1_16O-7_3,a8_3,1.7204,134,IJKL,A4,35,12.2,27,16.9
HA8_D1_16O-7_4,a8_4,1.7122,134,IJKL,A5-B5,70,7.33,60,11.9
HA8_D1_16O-7_5,a8_5,1.6853,134,IJKL,C5-D5-E5-F5-G5-H5-H6,245,0.73,204,1.14
AB9_D1_16O-7_1,a9_1,1.7456,134,IJKL,B6-A6-A7-B7-C7-D7,210,0.47,170,0.88
AB9_D1_16O-7_2,a9_2,1.7253,134,IJKL,E7,35,12.02,27,15.7
AB9_D1_16O-7_3,a9_3,1.7188,134,IJKL,F7,35,14.91,27,20.91
AB9_D1_16O-7_4,a9_4,1.7133,134,IJKL,G7,35,11.4,27,16.87
AB9_D1_16O-7_5,a9_5,1.6849,134,IJKL,H7-H8-G8-F8-E8-D8-C8-B8,280,1.36,230,2.89
HA9_D3_16O-7_1,b10_1,1.7447,135,IJKL,A6-A7-B7-C7-D7-E7,210,2.11,190,2.6
HA9_D3_16O-7_2,b10_2,1.724,135,IJKL,F7,35,19.27,27,21.8
HA9_D3_16O-7_3,b10_3,1.7175,135,IJKL,G7,35,16.84,27,18.53
HA9_D3_16O-7_4,b10_4,1.712,135,IJKL,H7,35,12.04,27,10.83
HA9_D3_16O-7_5,b10_5,1.6888,135,IJKL,H8-G8-F8-E8-D8-C8-B8,245,1.8,220,2.44
HC3_D3_16O-7_1,b11_1,1.7439,135,IJKL,F9-G9-H9-H10-G10-F10,210,2.09,160,2.7
HC3_D3_16O-7_2,b11_2,1.7226,135,IJKL,E10,35,16.96,27,22.8
HC3_D3_16O-7_3,b11_3,1.7171,135,IJKL,D10,35,15.66,27,22.2
HC3_D3_16O-7_4,b11_4,1.7106,135,IJKL,C10,35,14.78,27,16.5
HC3_D3_16O-7_5,b11_5,1.6887,135,IJKL,B10-A10-A11-B11-C11-D11-E11,245,2.46,170,4.64
AC3_D3_16O-7_1,b12_1,1.7446,143,MNOP,F9-G9-H9-H10-G10,175,0.39,169,0.44
AC3_D3_16O-7_2,b12_2,1.7271,143,MNOP,F10,35,8.39,30,5.59
AC3_D3_16O-7_3,b12_3,1.7206,143,MNOP,E10,35,16.19,28,24.25
AC3_D3_16O-7_4,b12_4,1.7124,143,MNOP,D10-C10,70,16.45,63,15.03
AC3_D3_16O-7_5,b12_5,1.6839,143,MNOP,B10-A10-A11-B11-C11-D11-E11,210,1.64,200,2
HA8_D5_16O-7_1,b1_1,1.7452,135,ABCD,A6-A7-B7-C7-D7-E7,206,1.41,160,2.31
HA8_D5_16O-7_2,b1_2,1.7233,135,ABCD,F7,35,14.3,27,23.65
HA8_D5_16O-7_3,b1_3,1.7178,135,ABCD,G7,35,14.71,27,11.92
HA8_D5_16O-7_4,b1_4,1.7114,135,ABCD,H7,35,11.28,227,13.96
HA8_D5_16O-7_5,b1_5,1.6888,135,ABCD,H8-G8-F8-E8-D8-C8-B8,245,1.83,27,2.29
AB5_D5_16O-7_1,b2_1,1.745,135,ABCD,F9-G9-H9-H10-G10-F10,210,1.35,198,1.66
AB5_D5_16O-7_2,b2_2,1.7233,135,ABCD,E10,35,9.76,27,22.4
AB5_D5_16O-7_3,b2_3,1.7179,135,ABCD,D10,35,9.31,27,25
AB5_D5_16O-7_4,b2_4,1.7126,135,ABCD,C10,35,12.35,27,13.94
AB5_D5_16O-7_5,b2_5,1.6877,135,ABCD,B10-A10-A11-B11-C11-D11-E11,210,1.75,220,2.25
HA5_D5_16O-7_1,b3_1,1.7432,135,EFGH,E1-F1-G1-H1-H2,175,1.8,160,2.68
HA5_D5_16O-7_2,b3_2,1.7254,135,EFGH,G2,35,26.71,27,20.8
HA5_D5_16O-7_3,b3_3,1.7199,135,EFGH,F2,35,23.23,27,22
HA5_D5_16O-7_4,b3_4,1.7117,135,EFGH,E2-D2,70,12.05,60,15.95
HA5_D5_16O-7_5,b3_5,1.6858,135,EFGH,C2-B2-A2-A3-B3-C3,209,1.22,190,1.04
AB7_D3_16O-7_1,b5_1,1.7416,135,EFGH,F4-E4-D4-C4-B4,175,1.65,160,1.61
AB7_D3_16O-7_2,b5_2,1.7248,135,EFGH,A4,35,22.63,27,2.24
AB7_D3_16O-7_3,b5_3,1.7205,135,EFGH,A5,35,19.47,27,17.85
AB7_D3_16O-7_4,b5_4,1.7128,135,EFGH,B5,35,16.74,27,23.83
AB7_D3_16O-7_5,b5_5,1.6883,135,EFGH,C5-D5-E5-F5-G5-H5-H6,245,1.67,230,1.18
HA8_D3_16O-7_1,b6_1,1.7433,135,EFGH,A7-B7-C7-D7-E7,175,1.91,160,1.44
HA8_D3_16O-7_2,b6_2,1.7243,135,EFGH,F7,35,25.63,27,1.28
HA8_D3_16O-7_3,b6_3,1.7189,135,EFGH,G7,35,22.52,27,4.38
HA8_D3_16O-7_4,b6_4,1.7102,135,EFGH,H7-H8,70,11.04,60,1
HA8_D3_16O-7_5,b6_5,1.6865,135,EFGH,G8-F8-E8-D8-C8-B8,210,0.97,200,1.08
AC4_D3_16O-7_1,b7_1,1.7454,135,EFGH,F9-G9-H9-H10-G10-F10,210,1.3,160,1.57
AC4_D3_16O-7_2,b7_2,1.7251,135,EFGH,E10,35,18.33,27,17.19
AC4_D3_16O-7_3,b7_3,1.7185,135,EFGH,D10,35,24.58,27,10.06
AC4_D3_16O-7_4,b7_4,1.712,135,EFGH,C10,35,18.74,27,9.06
AC4_D3_16O-7_5,b7_5,1.6888,135,EFGH,B10-A10-A11-B11-C11-D11-E11,245,1.92,220,3.28
AB9_D3_16O-7_1,b8_1,1.7431,135,IJKL,D1-E1-F1-G1-H1-H2,210,1.7,178,1.59
AB9_D3_16O-7_2,b8_2,1.723,135,IJKL,G2,35,19.11,27,16.16
AB9_D3_16O-7_3,b8_3,1.7165,135,IJKL,F2,35,19.14,27,21.4
AB9_D3_16O-7_4,b8_4,1.7101,135,IJKL,E2,35,15.27,27,12.69
AB9_D3_16O-7_5,b8_5,1.6797,135,IJKL,D2-C2-B2-A2-A3-B3-C3-D3,280,2.1,270,0.8
AC5_D3_16O-7_1,b9_1,1.7457,135,IJKL,G4-F4-E4-D4-C4,175,0.48,160,0.87
AC5_D3_16O-7_2,b9_2,1.7266,135,IJKL,B4-A4,70,12.29,60,13
AC5_D3_16O-7_3,b9_3,1.7179,135,IJKL,A5,35,18.38,27,20.4
AC5_D3_16O-7_4,b9_4,1.7103,135,IJKL,B5,35,15.3,27,17.4
AC5_D3_16O-7_5,b9_5,1.6844,135,IJKL,C5-D5-E5-F5-G5-H5-H6,239.5,2.29,170,1.79
HC4_D1_16O-7_1,c10_1,1.7447,136,EFGH,F9-G9-H9-H10-G10-F10,210,0.68,204,1.18
HC4_D1_16O-7_2,c10_2,1.7241,136,EFGH,E10,35,9.66,27,13.87
HC4_D1_16O-7_3,c10_3,1.7186,136,EFGH,D10,35,14.46,27,20.34
HC4_D1_16O-7_4,c10_4,1.7131,136,EFGH,C10,35,8.1,27,8.33
HC4_D1_16O-7_5,c10_5,1.6897,136,EFGH,B10-A10-A11-B11-C11-D11-E11,245,1.63,220,3
AA7_D1_16O-7_1,c11_1,1.7445,136,IJKL,E1-F1-G1-H1-H2,175,0.13,165,0.19
AA7_D1_16O-7_2,c11_2,1.7259,136,IJKL,G2,35,4.29,27,5.4
AA7_D1_16O-7_3,c11_3,1.7204,136,IJKL,F2,35,8.08,27,9.48
AA7_D1_16O-7_4,c11_4,1.7111,136,IJKL,E2-D2,70,5.02,60,7.75
AA7_D1_16O-7_5,c11_5,1.6777,136,IJKL,C2-B2-A2-A3-B3-C3-D3,245,0.4,221,0.57
AC5_D1_16O-7_1,c12_1,1.7435,136,IJKL,F4-E4-D4-C4-B4,175,0.26,160,0.31
AC5_D1_16O-7_2,c12_2,1.7251,136,IJKL,A4,35,8.66,27,10.44
AC5_D1_16O-7_3,c12_3,1.7219,136,IJKL,A5,35,15.02,27,17.23
AC5_D1_16O-7_4,c12_4,1.711,136,IJKL,B5-C5,70,9.88,60,11.96
AC5_D1_16O-7_5,c12_5,1.6858,136,IJKL,D5-E5-F5-G5-H5-H6,210,0.95,222,1.69
HB4_D5_16O-7_1,c1_1,1.7421,136,IJKL,F9-G9-H9-H10-G10,175,0.7,160,0.9
HB4_D5_16O-7_2,c1_2,1.7246,136,IJKL,F10,35,14.35,27,16.72
HB4_D5_16O-7_3,c1_3,1.7181,136,IJKL,E10,35,15.84,27,21.25
HB4_D5_16O-7_4,c1_4,1.7115,136,IJKL,D10,35,12.74,27,17.58
HB4_D5_16O-7_5,c1_5,1.6883,136,IJKL,C10-B10-A10-A11-B11-C11-D11,245,1.63,220,2.16
AA3_D5_16O-7_1,c2_1,1.7442,141,MNOP,C1-D1-E1-F1-G1-H1,210,1.18,150,1.2
AA3_D5_16O-7_2,c2_2,1.7262,141,MNOP,H2,35,12.31,27,8.45
AA3_D5_16O-7_3,c2_3,1.7197,141,MNOP,G2,35,15.11,27,8.36
AA3_D5_16O-7_4,c2_4,1.7142,141,MNOP,F2,35,10,27,9.36
AA3_D5_16O-7_5,c2_5,1.6836,141,MNOP,E2-D2-C2-B2-A2-A3-B3-C3,280,1.4,230,1.47
AC7_D5_16O-7_1,c3_1,1.7473,136,ABCD,E1-F1-G1-H1-H2,175,0.1,160,0.32
AC7_D5_16O-7_2,c3_2,1.7256,136,ABCD,G2-F2,70,8.27,60,9.46
AC7_D5_16O-7_3,c3_3,1.7174,136,ABCD,E2,35,14.23,27,15.36
AC7_D5_16O-7_4,c3_4,1.7121,136,ABCD,D2,35,9.6,27,10.93
AC7_D5_16O-7_5,c3_5,1.6818,136,ABCD,C2-B2-A2-A3-B3-C3-D3,245,1.12,200,1.95
HC5_D5_16O-7_1,c4_1,1.7454,143,MNOP,G4-F4-E4-D4-C4,175,0.29,168,0.44
HC5_D5_16O-7_2,c4_2,1.7274,143,MNOP,B4,35,11.94,27,7.16
HC5_D5_16O-7_3,c4_3,1.7189,143,MNOP,A4-A5,70,20.26,24,16.09
HC5_D5_16O-7_4,c4_4,1.7101,143,MNOP,B5,35,11.57,31,7.73
HC5_D5_16O-7_5,c4_5,1.6835,143,MNOP,C5-D5-E5-F5-G5-H5-H6,245,1.15,243,1.56
AC5_D5_16O-7_1,c5_1,1.7441,136,ABCD,A7-B7-C7-D7-E7,175,0.37,160,0.46
AC5_D5_16O-7_2,c5_2,1.7255,136,ABCD,F7,35,10.05,27,13.07
AC5_D5_16O-7_3,c5_3,1.7191,136,ABCD,G7,35,10.42,27,9.82
AC5_D5_16O-7_4,c5_4,1.7109,136,ABCD,H7-H8,64,14.93,60,20.52
AC5_D5_16O-7_5,c5_5,1.6845,136,ABCD,G8-F8-E8-D8-C8-B8,197,1.36,188,1.98
HB8_D5_16O-7_1,c6_1,1.7436,136,ABCD,G9-H9-H10-G10-F10,175,0.38,160,0.75
HB8_D5_16O-7_2,c6_2,1.7256,136,ABCD,E10,35,11.86,27,15.04
HB8_D5_16O-7_3,c6_3,1.719,136,ABCD,D10,35,17.39,27,19.24
HB8_D5_16O-7_4,c6_4,1.7135,136,ABCD,C10,35,12.64,27,17.68
HB8_D5_16O-7_5,c6_5,1.6899,136,ABCD,B10-A10-A11-B11-C11-D11-E11,245,1.97,220,2.94
HC4_D3_16O-7_1,c7_1,1.7432,136,EFGH,E1-F1-G1-H1-H2,175,0.62,160,1.39
HC4_D3_16O-7_2,c7_2,1.7256,136,EFGH,G2,35,10.11,27,11.39
HC4_D3_16O-7_3,c7_3,1.7191,136,EFGH,F2,35,13.8,27,16.02
HC4_D3_16O-7_4,c7_4,1.7109,136,EFGH,E2-D2,70,8.65,60,11.37
HC4_D3_16O-7_5,c7_5,1.6865,136,EFGH,C2-B2-A2-A3-B3-C3,210,1.12,190,1.96
AC7_D3_16O-7_1,c8_1,1.745,136,EFGH,G4-F4-E4-D4-C4-B4,210,0.48,200,0.82
AC7_D3_16O-7_2,c8_2,1.724,136,EFGH,A4,35,8.86,27,12.2
AC7_D3_16O-7_3,c8_3,1.7185,136,EFGH,A5,35,13.14,27,17.94
AC7_D3_16O-7_4,c8_4,1.7131,136,EFGH,B5,35,12.53,27,16.32
AC7_D3_16O-7_5,c8_5,1.6897,136,EFGH,C5-D5-E5-F5-G5-H5-H6,245,1.9,223,3.37
HB9_D1_16O-7_1,c9_1,1.7453,136,EFGH,A6-A7-B7-C7-D7-E7,210,0.57,190,0.92
HB9_D1_16O-7_2,c9_2,1.7246,136,EFGH,F7,35,9.85,27,14.02
HB9_D1_16O-7_3,c9_3,1.7191,136,EFGH,G7,35,11.15,27,18.35
HB9_D1_16O-7_4,c9_4,1.7109,136,EFGH,H7-H8,70,8.77,27,11.94
HB9_D1_16O-7_5,c9_5,1.6858,136,EFGH,G8-F8-E8-D8-C8-B8,210,0.99,190,1.92
AC9_D1_16O-7_1,d10_1,1.7449,137,EFGH,F9-G9-H9-H10-G10,168,0.73,156,0.91
AC9_D1_16O-7_2,d10_2,1.7266,137,EFGH,F10,35,15.1,27,6.98
AC9_D1_16O-7_3,d10_3,1.72,137,EFGH,E10,35,27.38,27,25.8
AC9_D1_16O-7_4,d10_4,1.7118,137,EFGH,D10-C10,70,19,60,17.5
AC9_D1_16O-7_5,d10_5,1.685,137,EFGH,B10-A10-A11-B11-C11-D11-E11,245,1.86,210,2.16
AB7_D1_16O-7_1,d11_1,1.7459,137,IJKL,D1-E1-F1-G1-H1,175,0.66,160,1.02
AB7_D1_16O-7_2,d11_2,1.7255,137,IJKL,H2-G2,70,14.62,60,3.81
AB7_D1_16O-7_3,d11_3,1.7162,137,IJKL,F2,35,14.02,27,1.08
AB7_D1_16O-7_4,d11_4,1.7107,137,IJKL,E2,35,8.92,27,5.3
AB7_D1_16O-7_5,d11_5,1.6866,137,IJKL,D2-C2-B2-A2-A3-B3-C3,245,1.18,210,1.94
HA9_D1_16O-7_1,d12_1,1.7461,137,IJKL,G4-F4-E4-D4-C4,175,0.87,160,1.92
HA9_D1_16O-7_2,d12_2,1.7275,137,IJKL,B4,35,13.7,27,32.69
HA9_D1_16O-7_3,d12_3,1.7221,137,IJKL,A4,35,17.67,27,43.17
HA9_D1_16O-7_4,d12_4,1.7128,137,IJKL,A5-B5,70,9.68,60,13.08
HA9_D1_16O-7_5,d12_5,1.6851,137,IJKL,C5-D5-E5-F5-G5-H5-H6,245,0.94,230,1.63
AC9_D5_16O-7_1,d1_1,1.7465,141,IJKL,F9-G9-H9-H10-G10,175,0.39,150,0.39
AC9_D5_16O-7_2,d1_2,1.7257,141,IJKL,F10-E10,70,17.12,60,15.43
AC9_D5_16O-7_3,d1_3,1.717,141,IJKL,D10,35,21.88,27,16.93
AC9_D5_16O-7_4,d1_4,1.7104,141,IJKL,C10,35,13.41,27,8.06
AC9_D5_16O-7_5,d1_5,1.6907,141,IJKL,B10-A10-A11-B11-C11-D11,210,1.69,140,1.6
HC4_D5_16O-7_1,d2_1,1.7455,141,IJKL,H4-G4-F4-E4-D4-C4,210,1.73,160,2.38
HC4_D5_16O-7_2,d2_2,1.7249,141,IJKL,B4,35,24.56,27,19.3
HC4_D5_16O-7_3,d2_3,1.7184,141,IJKL,A4,35,17.72,27,16.52
HC4_D5_16O-7_4,d2_4,1.7151,141,IJKL,A5,35,9.56,27,5.73
HC4_D5_16O-7_5,d2_5,1.6842,141,IJKL,B5-C5-D5-E5-F5-G5-H5-H6,280,1.01,220,1.12
AB4_D3_16O-7_1,d3_1,1.7461,143,MNOP,B6-A6-A7-B7-C7-D7,210,0.43,200,0.47
AB4_D3_16O-7_2,d3_2,1.7247,143,MNOP,E7,35,13.81,26,8.46
AB4_D3_16O-7_3,d3_3,1.7182,143,MNOP,F7,35,18.23,29,16.28
AB4_D3_16O-7_4,d3_4,1.7127,143,MNOP,G7,35,15.83,29,9.97
AB4_D3_16O-7_5,d3_5,1.6791,143,MNOP,H7-H8-G8-F8-E8-D8-C8-B8,279,1.99,265,2.44
HB4_D3_16O-7_1,d4_1,1.7387,137,ABCD,H3-H4-G4-F4-E4-D4-C4,245,0.51,220,0.53
HB4_D3_16O-7_2,d4_2,1.7239,137,ABCD,B4,35,18.47,27,17.7
HB4_D3_16O-7_3,d4_3,1.7195,137,ABCD,A4,35,28.5,27,2.38
HB4_D3_16O-7_4,d4_4,1.7141,137,ABCD,A5,35,17.42,27,16.2
HB4_D3_16O-7_5,d4_5,1.686,137,ABCD,B5-C5-D5-E5-F5-G5-H5-H6,280,2.61,230,2.96
AA3_D3_16O-7_1,d5_1,1.7475,137,ABCD,B6-A6-A7-B7-C7-D7,205,0.48,190,0.14
AA3_D3_16O-7_2,d5_2,1.7266,137,ABCD,E7,35,11.41,27,9.84
AA3_D3_16O-7_3,d5_3,1.7201,137,ABCD,F7,35,27.6,27,22.44
AA3_D3_16O-7_4,d5_4,1.7119,137,ABCD,G7-H7,70,21.91,60,19.3
AA3_D3_16O-7_5,d5_5,1.6833,137,ABCD,H8-G8-F8-E8-D8-C8-B8,245,2.12,206,2.18
AC9_D3_16O-7_1,d6_1,1.7448,144,ABCD,D1-E1-F1-G1-H1,158,0.55,149,0.52
AC9_D3_16O-7_2,d6_2,1.7275,144,ABCD,H2,32,12.55,22,7.81
AC9_D3_16O-7_3,d6_3,1.721,144,ABCD,G2,32,24.67,28,15.55
AC9_D3_16O-7_4,d6_4,1.7122,144,ABCD,F2-E2,64,15.75,58,8.55
AC9_D3_16O-7_5,d6_5,1.6833,144,ABCD,D2-C2-B2-A2-A3-B3-C3,224,1.23,107,1.55
HC9_D3_16O-7_1,d7_1,1.7438,137,EFGH,D1-E1-F1-G1-H1,175,1.08,160,13.88
HC9_D3_16O-7_2,d7_2,1.7272,137,EFGH,H2,35,18.43,27,18
HC9_D3_16O-7_3,d7_3,1.7218,137,EFGH,G2,35,30.65,27,7.5
HC9_D3_16O-7_4,d7_4,1.712,137,EFGH,F2-E2,70,17.81,60,2.1
HC9_D3_16O-7_5,d7_5,1.6809,137,EFGH,D2-C2-B2-A2-A3-B3-C3,245,1.9,210,2.22
HC8_D3_16O-7_1,d8_1,1.7442,137,EFGH,G4-F4-E4-D4-C4,175,1.05,160,2.62
HC8_D3_16O-7_2,d8_2,1.7265,137,EFGH,B4,35,18.3,27,15.7
HC8_D3_16O-7_3,d8_3,1.7212,137,EFGH,A4,29,29.29,27,18.8
HC8_D3_16O-7_4,d8_4,1.712,137,EFGH,A5-B5,70,17.99,60,0.93
HC8_D3_16O-7_5,d8_5,1.6823,137,EFGH,C5-D5-E5-F5-G5-H5-H6,245,1.71,200,6.75
AA3_D1_16O-7_1,d9_1,1.7475,137,EFGH,B6-A6-A7-B7-C7-D7,210,0.66,170,1.41
AA3_D1_16O-7_2,d9_2,1.7273,137,EFGH,E7,35,14.76,27,13.5
AA3_D1_16O-7_3,d9_3,1.7207,137,EFGH,F7,35,27.52,27,25.8
AA3_D1_16O-7_4,d9_4,1.7125,137,EFGH,G7-H7,70,17.53,60,16.2
AA3_D1_16O-7_5,d9_5,1.6851,137,EFGH,H8-G8-F8-E8-D8-C8-B8,245,1.45,200,0.94
HC8_D1_16O-7_1,e10_1,1.7454,138,EFGH,E9-F9-G9-H9-H10-G10,210,0.57,188,1.13
HC8_D1_16O-7_2,e10_2,1.7259,138,EFGH,F10,35,8.76,27,15.31
HC8_D1_16O-7_3,e10_3,1.7172,138,EFGH,E10,35,13.82,27,27.27
HC8_D1_16O-7_4,e10_4,1.7095,138,EFGH,D10,35,7,27,11.38
HC8_D1_16O-7_5,e10_5,1.686,138,EFGH,C10-B10-A10-A11-B11-C11-D11,245,1.05,230,2.6
AA5_D1_16O-7_1,e11_1,1.743,138,IJKL,D1-E1-F1-G1-H1-H2,193,1.4,190,1.5
AA5_D1_16O-7_2,e11_2,1.7233,138,IJKL,G2,33,21.82,27,17.19
AA5_D1_16O-7_3,e11_3,1.7168,138,IJKL,F2,33,19.41,27,16.89
AA5_D1_16O-7_4,e11_4,1.7113,138,IJKL,E2,32,13.36,27,12.78
AA5_D1_16O-7_5,e11_5,1.6794,138,IJKL,D2-C2-B2-A2-A3-B3-C3-D3,232,1.46,230,1.9
HA4_D1_16O-7_1,e12_1,1.7458,138,IJKL,G4-F4-E4-D4-C4,160,0.44,144,0.4
HA4_D1_16O-7_2,e12_2,1.727,138,IJKL,B4,32,17.55,27,18.18
HA4_D1_16O-7_3,e12_3,1.7188,138,IJKL,A4-A5,64,23.96,60,16.89
HA4_D1_16O-7_4,e12_4,1.7097,138,IJKL,B5,32,9.79,27,7.23
HA4_D1_16O-7_5,e12_5,1.6871,138,IJKL,C5-D5-E5-F5-G5-H5-H6,224,1.32,204,1.87
HC9_D5_16O-7_1,e1_1,1.7474,137,IJKL,A6-A7-B7-C7-D7,175,0.44,166,0.57
HC9_D5_16O-7_2,e1_2,1.7262,137,IJKL,E7-F7,70,11.07,60,13.97
HC9_D5_16O-7_3,e1_3,1.717,137,IJKL,G7,35,15.5,27,23.26
HC9_D5_16O-7_4,e1_4,1.7126,137,IJKL,H7,35,9.58,27,14.59
HC9_D5_16O-7_5,e1_5,1.6879,137,IJKL,H8-G8-F8-E8-D8-C8-B8,245,1.55,230,3.24
HC8_D5_16O-7_1,e2_1,1.7449,137,IJKL,F9-G9-H9-H10-G10,175,0.76,160,1.21
HC8_D5_16O-7_2,e2_2,1.7281,137,IJKL,F10,35,11.33,27,17.16
HC8_D5_16O-7_3,e2_3,1.7188,137,IJKL,E10-D10,70,12.07,60,16.08
HC8_D5_16O-7_4,e2_4,1.7095,137,IJKL,C10,35,8.92,27,11.18
HC8_D5_16O-7_5,e2_5,1.6858,137,IJKL,B10-A10-A11-B11-C11-D11-E11,231,1.19,230,2.01
HA5_D3_16O-7_1,e3_1,1.7459,138,ABCD,D1-E1-F1-G1-H1,175,0.16,160,1.02
HA5_D3_16O-7_2,e3_2,1.7283,138,ABCD,H2,35,7.19,27,9.46
HA5_D3_16O-7_3,e3_3,1.7196,138,ABCD,G2-F2,70,14.33,60,15.54
HA5_D3_16O-7_4,e3_4,1.7097,138,ABCD,E2,35,9.4,27,18.17
HA5_D3_16O-7_5,e3_5,1.6855,138,ABCD,D2-C2-B2-A2-A3-B3-C3,245,1.04,220,2.23
AA5_D3_16O-7_1,e4_1,1.7459,138,ABCD,G4-F4-E4-D4-C4,175,0.2,160,0.22
AA5_D3_16O-7_2,e4_2,1.7278,138,ABCD,B4,35,5.6,27,9.46
AA5_D3_16O-7_3,e4_3,1.7191,138,ABCD,A4-A5,70,14.45,60,17.42
AA5_D3_16O-7_4,e4_4,1.7105,138,ABCD,B5,35,9.27,27,11.64
AA5_D3_16O-7_5,e4_5,1.6821,138,ABCD,C5-D5-E5-F5-G5-H5-H6-G6,280,0.96,230,2.54
HA4_D3_16O-7_1,e5_1,1.7462,144,ABCD,A6-A7-B7-C7-D7,157,0.88,147,1.37
HA4_D3_16O-7_2,e5_2,1.7275,144,ABCD,E7,32,20.32,24,17.56
HA4_D3_16O-7_3,e5_3,1.7195,144,ABCD,F7-G7,64,22.49,55,17.56
HA4_D3_16O-7_4,e5_4,1.7102,144,ABCD,H7,32,10.79,21,7.39
HA4_D3_16O-7_5,e5_5,1.6849,144,ABCD,H8-G8-F8-E8-D8-C8-B8,224,1.24,210,1.32
AA7_D3_16O-7_1,e6_1,1.7447,138,ABCD,F9-G9-H9-H10-G10,175,0.26,160,0.49
AA7_D3_16O-7_2,e6_2,1.7271,138,ABCD,F10,35,8.35,27,12.72
AA7_D3_16O-7_3,e6_3,1.7217,138,ABCD,E10,35,12.39,27,15.42
AA7_D3_16O-7_4,e6_4,1.714,138,ABCD,D10,35,11.81,27,12.73
AA7_D3_16O-7_5,e6_5,1.6875,138,ABCD,C10-B10-A10-A11-B11-C11-D11-E11,280,1.59,230,3.45
HC3_D1_16O-7_1,e7_1,1.7423,138,EFGH,D1-E1-F1-G1-H1-H2,210,1.62,163,3.51
HC3_D1_16O-7_2,e7_2,1.7239,138,EFGH,G2,35,15.62,27,14.47
HC3_D1_16O-7_3,e7_3,1.7162,138,EFGH,F2,35,12.49,27,15.26
HC3_D1_16O-7_4,e7_4,1.7107,138,EFGH,E2,35,8.68,27,11.73
HC3_D1_16O-7_5,e7_5,1.6874,138,EFGH,D2-C2-B2-A2-A3-B3-C3,245,1.14,220,2.54
HC9_D1_16O-7_1,e8_1,1.7424,138,EFGH,G4-F4-E4-D4-C4,175,0.87,160,2.35
HC9_D1_16O-7_2,e8_2,1.7253,138,EFGH,B4,35,9.82,27,16.64
HC9_D1_16O-7_3,e8_3,1.7188,138,EFGH,A4-A5,70,12.31,60,20.01
HC9_D1_16O-7_4,e8_4,1.7111,138,EFGH,B5,35,5.92,27,8.32
HC9_D1_16O-7_5,e8_5,1.6866,138,EFGH,C5-D5-E5-F5-G5-H5-H6,245,0.92,230,1.78
HC5_D1_16O-7_1,e9_1,1.7468,138,EFGH,B6-A6-A7-B7-C7-D7,210,0.47,170,1.33
HC5_D1_16O-7_2,e9_2,1.7277,138,EFGH,E7,35,8.43,27,12.4
HC5_D1_16O-7_3,e9_3,1.7196,138,EFGH,F7-G7,70,11.93,60,14.74
HC5_D1_16O-7_4,e9_4,1.7098,138,EFGH,H7-H8,70,5.53,60,8.93
HC5_D1_16O-7_5,e9_5,1.6862,138,EFGH,G8-F8-E8-D8-C8-B8,210,0.61,160,1.29
AA4_D1_16O-7_1,f10_1,1.7448,144,ABCD,G4-F4-E4-D4-C4,160,1.34,150,1.61
AA4_D1_16O-7_2,f10_2,1.7264,144,ABCD,B4,32,26.72,27,20.57
AA4_D1_16O-7_3,f10_3,1.7209,144,ABCD,A4,32,28.83,27,22.13
AA4_D1_16O-7_4,f10_4,1.7127,144,ABCD,A5-B5,64,15.09,57,12.73
AA4_D1_16O-7_5,f10_5,1.6815,144,ABCD,C5-D5-E5-F5-G5-H5-H6,224,1.36,205,1.46
HA3_D1_16O-7_1,f11_1,1.7474,142,EFGH,H4-G4-F4-E4-D4-C4,210,0.77,206,0.99
HA3_D1_16O-7_2,f11_2,1.7271,142,EFGH,B4,35,26.31,27,23.6
HA3_D1_16O-7_3,f11_3,1.7185,142,EFGH,A4-A5,70,23.96,60,22.6
HA3_D1_16O-7_4,f11_4,1.7098,142,EFGH,B5,35,10.95,27,8.16
HA3_D1_16O-7_5,f11_5,1.6828,142,EFGH,C5-D5-E5-F5-G5-H5-H6,245,1.41,240,1.18
HA5_D1_16O-7_1,f12_1,1.745,142,EFGH,D1-E1-F1-G1-H1,175,1.45,168,1.9
HA5_D1_16O-7_2,f12_2,1.7275,142,EFGH,H2,35,28.32,29,20.51
HA5_D1_16O-7_3,f12_3,1.7209,142,EFGH,G2,35,29.31,33,22.32
HA5_D1_16O-7_4,f12_4,1.7116,142,EFGH,F2-E2,70,15.46,66,16.92
HA5_D1_16O-7_5,f12_5,1.6836,142,EFGH,D2-C2-B2-A2-A3-B3-C3,245,1.43,237,1.44
AB7_D5_16O-7_1,f1_1,1.7464,141,IJKL,A6-A7-B7-C7-D7,175,0.41,140,0.38
AB7_D5_16O-7_2,f1_2,1.7286,141,IJKL,E7,35,14.94,27,8.45
AB7_D5_16O-7_3,f1_3,1.7193,141,IJKL,F7-G7,70,25.27,60,19.84
AB7_D5_16O-7_4,f1_4,1.7111,141,IJKL,H7,35,13.69,27,8.88
AB7_D5_16O-7_5,f1_5,1.6838,141,IJKL,H8-G8-F8-E8-D8-C8-B8,245,1.42,220,1.51
AA9_D5_16O-7_1,f2_1,1.7463,141,MNOP,D9-E9-F9-G9-H9-H10,210,0.89,160,0.93
AA9_D5_16O-7_2,f2_2,1.7255,141,MNOP,G10-F10,70,16.45,60,12.28
AA9_D5_16O-7_3,f2_3,1.7173,141,MNOP,E10,35,19.29,27,19.04
AA9_D5_16O-7_4,f2_4,1.7108,141,MNOP,D10,35,13.28,27,13.04
AA9_D5_16O-7_5,f2_5,1.6832,141,MNOP,C10-B10-A10-A11-B11-C11-D11-E11,280,1.81,230,1.25
HA3_D3_16O-7_1,f3_1,1.7455,143,ABCD,E9-F9-G9-H9-H10-G10,210,0.24,200,0.45
HA3_D3_16O-7_2,f3_2,1.7258,143,ABCD,F10,35,14.28,29,10.88
HA3_D3_16O-7_3,f3_3,1.7192,143,ABCD,E10,35,18.11,27,15.96
HA3_D3_16O-7_4,f3_4,1.7138,143,ABCD,D10,35,12.06,28,9.26
HA3_D3_16O-7_5,f3_5,1.6823,143,ABCD,C10-B10-A10-A11-B11-C11-D11-E11,280,1.45,265,1.86
HC5_D3_16O-7_1,f4_1,1.7449,140,IJKL,G9-H9-H10-G10-F10-E10,210,2.01,200,1.99
HC5_D3_16O-7_2,f4_2,1.7236,140,IJKL,D10,35,15.13,22,21.33
HC5_D3_16O-7_3,f4_3,1.7182,140,IJKL,C10,35,14.76,20,17.91
HC5_D3_16O-7_4,f4_4,1.7127,140,IJKL,B10,35,12.95,20,11.61
HC5_D3_16O-7_5,f4_5,1.6822,140,IJKL,A10-A11-B11-C11-D11-E11-F11,245,1.32,225,1.71
AB5_D3_16O-7_1,f5_1,1.7466,141,MNOP,C6-B6-A6-A7-B7-C7,210,1.03,160,0.85
AB5_D3_16O-7_2,f5_2,1.7279,141,MNOP,D7,35,14.42,27,12.36
AB5_D3_16O-7_3,f5_3,1.7186,141,MNOP,E7-F7,70,20.08,60,17.36
AB5_D3_16O-7_4,f5_4,1.7104,141,MNOP,G7,35,12.03,27,10.4
AB5_D3_16O-7_5,f5_5,1.6796,141,MNOP,H7-H8-G8-F8-E8-D8-C8-B8,280,1.52,230,1.67
AA9_D3_16O-7_1,f6_1,1.7432,143,ABCD,A6-A7-B7-C7-D7,175,0.27,168,0.34
AA9_D3_16O-7_2,f6_2,1.7243,143,ABCD,E7,35,12,28,7.37
AA9_D3_16O-7_3,f6_3,1.7188,143,ABCD,F7,35,17.37,30,14.06
AA9_D3_16O-7_4,f6_4,1.7123,143,ABCD,G7,35,12.28,30,8.83
AA9_D3_16O-7_5,f6_5,1.6844,143,ABCD,H7-H8-G8-F8-E8-D8-C8-B8,280,1.24,275,1.69
AA9_D1_16O-7_1,f7_1,1.745,143,ABCD,H4-G4-F4-E4-D4-C4,210,0.36,190,0.38
AA9_D1_16O-7_2,f7_2,1.7239,143,ABCD,B4,35,14.5,25,12.8
AA9_D1_16O-7_3,f7_3,1.7185,143,ABCD,A4,35,19.19,25,16.1
AA9_D1_16O-7_4,f7_4,1.713,143,ABCD,A5,35,10.86,25,8.8
AA9_D1_16O-7_5,f7_5,1.6847,143,ABCD,B5-C5-D5-E5-F5-G5-H5-H6,280,1.02,275,1.49
HB4_D1_16O-7_1,f8_1,1.7437,143,ABCD,D1-E1-F1-G1-H1,175,0.77,168,1.02
HB4_D1_16O-7_2,f8_2,1.7255,143,ABCD,H2,35,13.62,262,9.16
HB4_D1_16O-7_3,f8_3,1.719,143,ABCD,G2,35,19.25,28,13.75
HB4_D1_16O-7_4,f8_4,1.7102,143,ABCD,F2-E2,70,6.41,67,9.55
HB4_D1_16O-7_5,f8_5,1.6828,143,ABCD,D2-C2-B2-A2-A3-B3-C3,245,1.01,245,1.61
AB5_D1_16O-7_1,f9_1,1.7439,142,EFGH,F9-G9-H9-H10-G10,175,0.99,61,0.91
AB5_D1_16O-7_2,f9_2,1.7265,142,EFGH,F10,35,23.14,30,21.2
AB5_D1_16O-7_3,f9_3,1.7199,142,EFGH,E10,35,29,25,20.54
AB5_D1_16O-7_4,f9_4,1.7112,142,EFGH,D10-C10,70,15.07,62,19.94
AB5_D1_16O-7_5,f9_5,1.6815,142,EFGH,B10-A10-A11-B11-C11-D11-E11,235,1.16,235,1.18
AC7_D1_16O-7_1,g10_1,1.7454,142,ABCD,A6-A7-B7-C7-D7,175,0.75,160,0.79
AC7_D1_16O-7_2,g10_2,1.7272,142,ABCD,E7,35,19.77,27,19.93
AC7_D1_16O-7_3,g10_3,1.7217,142,ABCD,F7,35,26.84,27,20.97
AC7_D1_16O-7_4,g10_4,1.7119,142,ABCD,G7-H7,70,17.45,60,12.17
AC7_D1_16O-7_5,g10_5,1.6821,142,ABCD,H8-G8-F8-E8-D8-C8-B8,245,1.06,230,0.99
AB3_D1_16O-7_1,g11_1,1.746,142,ABCD,F9-G9-H9-H10-G10,175,0.8,160,1.71
AB3_D1_16O-7_2,g11_2,1.728,142,ABCD,F10,35,20.73,27,19.17
AB3_D1_16O-7_3,g11_3,1.7187,142,ABCD,E10-D10,70,23.94,60,19
AB3_D1_16O-7_4,g11_4,1.7105,142,ABCD,C10,35,9.25,27,7.96
AB3_D1_16O-7_5,g11_5,1.6855,142,ABCD,B10-A10-A11-B11-C11-D11-E11,245,1.2,220,1.19
AB4_D1_16O-7_1,g12_1,1.7466,142,EFGH,B6-A6-A7-B7-C7-D7,206,0.67,198,0.69
AB4_D1_16O-7_2,g12_2,1.7257,142,EFGH,E7,35,16.88,27,16.91
AB4_D1_16O-7_3,g12_3,1.7203,142,EFGH,F7,35,20.37,28,16.76
AB4_D1_16O-7_4,g12_4,1.7116,142,EFGH,G7-H7,70,10.87,15,9.48
AB4_D1_16O-7_5,g12_5,1.683,142,EFGH,H8-G8-F8-E8-D8-C8-B8,245,1.07,234,1.4
AA7_D5_16O-7_1,g1_1,1.743,140,EFGH,A6-A7-B7-C7-D7,175,0.36,160,0.44
AA7_D5_16O-7_2,g1_2,1.7253,140,EFGH,E7,35,5.15,27,5.6
AA7_D5_16O-7_3,g1_3,1.7188,140,EFGH,F7,35,15.48,27,5.31
AA7_D5_16O-7_4,g1_4,1.7123,140,EFGH,G7-H7,70,16.92,45,13.1
AA7_D5_16O-7_5,g1_5,1.6861,140,EFGH,H8-G8-F8-E8-D8-C8-B8,245,2.32,220,14.2
AA5_D5_16O-7_1,g2_1,1.745,141,MNOP,H4-G4-F4-E4-D4-C4,210,1.78,160,1.14
AA5_D5_16O-7_2,g2_2,1.7242,141,MNOP,B4,35,17.01,27,10
AA5_D5_16O-7_3,g2_3,1.7198,141,MNOP,A4,35,19.72,27,15.51
AA5_D5_16O-7_4,g2_4,1.7111,141,MNOP,A5-B5,70,10.12,60,6.09
AA5_D5_16O-7_5,g2_5,1.6828,141,MNOP,C5-D5-E5-F5-G5-H5-H6,245,1.19,230,1.4
AB3_D5_16O-7_1,g3_1,1.7453,141,IJKL,D1-E1-F1-G1-H1-H2,210,1.86,225,2.17
AB3_D5_16O-7_2,g3_2,1.7245,141,IJKL,G2,35,27.44,30,21
AB3_D5_16O-7_3,g3_3,1.7202,141,IJKL,F2,35,23.87,27,17.76
AB3_D5_16O-7_4,g3_4,1.7136,141,IJKL,E2,35,15.29,27,10.76
AB3_D5_16O-7_5,g3_5,1.6874,141,IJKL,D2-C2-B2-A2-A3-B3-C3,245,1.96,220,2.01
HB9_D5_16O-7_1,g4_1,1.7471,140,EFGH,E9-F9-G9-H9-H10-G10,210,0.35,204,1.71
HB9_D5_16O-7_2,g4_2,1.728,140,EFGH,F10,35,6.34,22,7.84
HB9_D5_16O-7_3,g4_3,1.7187,140,EFGH,E10-D10,70,17.41,60,19.08
HB9_D5_16O-7_4,g4_4,1.7105,140,EFGH,C10,35,12.73,20,10.98
HB9_D5_16O-7_5,g4_5,1.6879,140,EFGH,B10-A10-A11-B11-C11-D11-E11,245,1.67,220,2.19
HB5_D3_16O-7_1,g5_1,1.7415,140,IJKL,F1-G1-H1-H2-G2,175,2.29,160,2.15
HB5_D3_16O-7_2,g5_2,1.7243,140,IJKL,F2,35,14.71,18,15.02
HB5_D3_16O-7_3,g5_3,1.7177,140,IJKL,E2,35,13.21,18,11.45
HB5_D3_16O-7_4,g5_4,1.7123,140,IJKL,D2,35,8.05,18,7.02
HB5_D3_16O-7_5,g5_5,1.6913,140,IJKL,C2-B2-A2-A3-B3-C3,210,1.24,200,1.14
HB3_D3_16O-7_1,g6_1,1.7432,140,IJKL,E4-D4-C4-B4-A4,175,1.72,160,1.58
HB3_D3_16O-7_2,g6_2,1.7263,140,IJKL,A5,35,18.13,22,15.22
HB3_D3_16O-7_3,g6_3,1.7198,140,IJKL,B5,35,16.57,22,16.41
HB3_D3_16O-7_4,g6_4,1.7116,140,IJKL,C5-D5,70,8.21,45,6.99
HB3_D3_16O-7_5,g6_5,1.6808,140,IJKL,E5-F5-G5-H5-H6-G6,210,0.9,210,0.87
HB9_D3_16O-7_1,g7_1,1.7414,140,IJKL,B7-C7-D7-E7-F7,175,1.96,170,1.92
HB9_D3_16O-7_2,g7_2,1.7243,140,IJKL,G7,35,13.28,27,11.66
HB9_D3_16O-7_3,g7_3,1.718,140,IJKL,H7,35,11.29,20,16.13
HB9_D3_16O-7_4,g7_4,1.7125,140,IJKL,H8,35,8.15,18,12.52
HB9_D3_16O-7_5,g7_5,1.6906,140,IJKL,G8-F8-E8-D8-C8-B8,210,1.26,200,1.76
AA4_D3_16O-7_1,g8_1,1.7477,142,ABCD,D1-E1-F1-G1-H1,175,0.87,160,0.78
AA4_D3_16O-7_2,g8_2,1.7256,142,ABCD,H2-G2,70,25.24,60,25.4
AA4_D3_16O-7_3,g8_3,1.7176,142,ABCD,F2,35,23.29,27,20.6
AA4_D3_16O-7_4,g8_4,1.71,142,ABCD,E2,35,12.41,27,9.45
AA4_D3_16O-7_5,g8_5,1.6844,142,ABCD,D2-C2-B2-A2-A3-B3-C3,238,1.43,230,1.88
HB8_D1_16O-7_1,g9_1,1.7459,142,ABCD,G4-F4-E4-D4-C4,175,1.25,160,1.47
HB8_D1_16O-7_2,g9_2,1.7273,142,ABCD,B4,35,24.51,27,22.13
HB8_D1_16O-7_3,g9_3,1.7192,142,ABCD,A4-A5,70,21.43,60,17.85
HB8_D1_16O-7_4,g9_4,1.71,142,ABCD,B5,35,7.94,27,5.95
HB8_D1_16O-7_5,g9_5,1.6841,142,ABCD,C5-D5-E5-F5-G5-H5-H6,245,1.12,220,1.12
HA3_D5_16O-7_1,z13_1,1.7463,125,EFGH,G4-F4-E4-D4-C4,175,0.12,163,0.16
HA3_D5_16O-7_2,z13_2,1.7259,125,EFGH,B4-A4,70,4.65,60,7.62
HA3_D5_16O-7_3,z13_3,1.7177,125,EFGH,A5,35,6.77,27,14.9
HA3_D5_16O-7_4,z13_4,1.7112,125,EFGH,B5,35,5.58,27,9.57
HA3_D5_16O-7_5,z13_5,1.6848,125,EFGH,C5-D5-E5-F5-G5-H5-H6,245,0.69,228,1.91
HB3_D5_16O-7_1,z14_1,1.7432,125,ABCD,A7-B7-C7-D7-E7,175,0.23,160,1.22
HB3_D5_16O-7_2,z14_2,1.7253,125,ABCD,F7,35,7,25,9.8
HB3_D5_16O-7_3,z14_3,1.7198,125,ABCD,G7,35,11.79,25,14.6
HB3_D5_16O-7_4,z14_4,1.7112,125,ABCD,H7-H8,70,6.34,58,8.02
HB3_D5_16O-7_5,z14_5,1.6848,125,ABCD,G8-F8-E8-D8-C8-B8,210,0.63,185,2.01
HC3_D5_16O-7_1,z15_1,1.7457,125,ABCD,C1-D1-E1-F1-G1,175,0.15,160,0.19
HC3_D5_16O-7_2,z15_2,1.7254,125,ABCD,H1-H2,70,10.86,58,11.22
HC3_D5_16O-7_3,z15_3,1.7173,125,ABCD,G2,35,14.65,25,15
HC3_D5_16O-7_4,z15_4,1.7107,125,ABCD,F2,35,9.99,25,12.14
HC3_D5_16O-7_5,z15_5,1.6839,125,ABCD,E2-D2-C2-B2-A2-A3-B3,245,1.15,210,2.12
AA4_D5_16O-7_1,z16_1,1.7445,122,ABCD,E1-F1-G1-H1-H2,120,0.15,118,0.09
AA4_D5_16O-7_2,z16_2,1.7261,122,ABCD,G2,24,2.52,17,3.71
AA4_D5_16O-7_3,z16_3,1.7206,122,ABCD,F2,24,6.83,17,7.61
AA4_D5_16O-7_4,z16_4,1.7113,122,ABCD,E2-D2,70,6.19,64,8.16
AA4_D5_16O-7_5,z16_5,1.686,122,ABCD,C2-B2-A2-A3-B3-C3,188,0.87,182,1.13
AB4_D5_16O-7_1,z17_1,1.7429,122,ABCD,F4-E4-D4-C4-B4,165,0.11,158,0.02
AB4_D5_16O-7_2,z17_2,1.7248,122,ABCD,A4,32.5,2.96,27,3.71
AB4_D5_16O-7_3,z17_3,1.7196,122,ABCD,A5,35,9.4,27,10.75
AB4_D5_16O-7_4,z17_4,1.713,122,ABCD,B5,35,10.82,28,12.44
AB4_D5_16O-7_5,z17_5,1.6882,122,ABCD,C5-D5-E5-F5-G5-H5-H6,245,1.84,227,3.49
AC4_D5_16O-7_1,z18_1,1.7455,122,ABCD,A7-B7-C7-D7-E7,175,0.12,160,0.16
AC4_D5_16O-7_2,z18_2,1.7282,122,ABCD,F7,35,2.15,27,3.11
AC4_D5_16O-7_3,z18_3,1.7216,122,ABCD,G7,35,8.37,27,9.57
AC4_D5_16O-7_4,z18_4,1.7125,122,ABCD,H7-H8,58,10.24,50,14.96
AC4_D5_16O-7_5,z18_5,1.6865,122,ABCD,G8-F8-E8-D8-C8-B8,210,0.96,119,1.9
